pH_init,turbidity_init_NTU,TDS_init_mgL,conductivity_uScm,color_init_PtCo,COD_init_mgL,BOD_init_mgL,temp_water_C,TSS_init_mgL,voltage_V,current_A,duration_min,electrode_type,electrode_gap_cm,power_consumption_W,inflow_rate_Lmin,COD_removal_pct,BOD_removal_pct,TSS_removal_pct,color_removal_pct,turbidity_removal_pct,COD_final_mgL,BOD_final_mgL,TSS_final_mgL,TDS_final_mgL,turbidity_final_NTU,pH_final,label_clean
10.47,2189.9,4791.6,11821.3,1641.7,492.9,143.9,23.0,228.9,11.4,9.55,62,0,4.5,108.7,10.5,87.6,88.95,94.49,96.2,94.6,61.1,15.9,12.6,2884.4,118.3,8.65,0
8.66,7918.1,4834.9,13736.1,862.0,1296.9,567.0,30.6,1462.9,14.7,7.51,72,1,4.8,110.4,18.4,80.52,85.15,85.16,87.6,88.6,252.6,84.2,217.1,3372.5,903.0,8.49,0
9.68,7516.3,3698.5,12287.9,554.0,1886.4,710.2,34.3,3547.8,10.6,0.77,85,0,1.2,8.1,32.4,30.7,30.0,40.0,40.0,45.0,1307.3,497.2,2128.7,2874.4,4133.9,9.5,0
9.46,7027.3,7933.8,8540.6,1443.9,12947.7,5327.6,20.9,205.1,13.1,4.43,30,1,3.3,58.0,30.6,53.74,57.48,58.74,67.7,62.34,5989.0,2265.4,84.6,4829.8,2646.2,8.0,0
7.78,8406.6,4889.0,6754.9,482.3,6538.9,1754.2,21.0,1833.4,19.3,5.23,81,1,1.8,100.8,7.1,79.85,81.24,85.2,89.05,85.5,1317.9,329.1,271.4,3467.0,1219.3,7.44,0
9.79,1941.8,7701.6,5200.7,291.0,351.7,93.0,25.3,1103.5,19.8,7.6,82,1,2.8,150.4,29.8,80.17,79.02,86.64,85.19,87.12,69.7,19.5,147.4,6123.3,250.0,8.78,0
9.3,3622.6,5322.4,14471.0,837.7,582.8,175.0,25.1,3055.6,9.3,2.66,40,0,4.6,24.8,28.5,44.38,43.02,53.08,55.15,54.66,324.1,99.7,1433.6,3638.5,1642.6,8.05,0
9.26,5866.4,5916.9,11446.3,1983.2,3190.5,1307.3,27.1,327.1,13.5,4.79,68,1,2.3,64.8,16.4,72.45,72.74,77.76,79.87,78.64,878.8,356.3,72.7,4172.1,1253.0,8.23,0
9.31,4066.2,9122.7,4442.5,1952.1,2274.8,819.0,26.7,5456.2,13.0,2.2,26,1,4.6,28.5,7.5,33.61,34.14,40.0,48.52,45.0,1510.1,539.4,3273.7,6780.8,2236.4,7.62,0
8.63,5721.6,1283.8,11681.4,1125.4,8426.4,3381.0,25.6,221.1,9.6,7.57,22,1,3.5,72.4,15.7,56.28,57.23,59.37,68.19,67.83,3684.0,1446.2,89.8,890.7,1840.6,8.11,0
9.54,2007.3,5698.3,9469.1,1930.7,2387.0,931.7,20.8,3520.8,13.0,9.95,81,0,3.1,129.0,27.8,85.98,85.63,91.92,97.0,97.51,334.6,133.9,284.5,3231.4,50.0,8.92,0
10.14,2991.5,4553.2,6288.9,973.9,15713.5,7951.0,22.0,2431.9,18.7,7.83,79,1,2.2,146.5,13.0,87.73,87.11,94.42,92.82,96.09,1928.3,1025.1,135.7,3589.7,117.1,9.03,0
8.14,9390.1,3369.8,9180.1,1671.1,1767.1,685.3,26.9,450.0,13.3,5.88,86,1,3.9,78.0,42.2,79.66,78.79,88.4,92.79,85.96,359.4,145.3,52.2,2293.1,1318.5,7.97,0
8.12,3337.6,2521.5,11430.5,1872.5,1226.0,645.8,29.5,989.8,9.5,1.95,31,1,2.1,18.6,25.8,34.05,32.79,41.01,40.0,45.0,808.5,434.0,583.9,1872.3,1835.7,7.72,0
9.22,3733.1,6747.4,11444.4,1382.7,19009.6,9371.6,23.0,3103.7,18.8,3.77,81,0,1.5,70.8,15.1,69.08,68.84,75.83,78.07,76.93,5877.2,2919.8,750.1,5222.9,861.3,8.55,0
10.73,2216.2,8932.6,4670.4,457.1,321.4,98.9,21.9,394.7,14.6,4.28,24,0,2.9,62.6,30.6,46.38,49.41,55.94,51.65,52.81,172.3,50.0,173.9,6314.4,1045.9,8.72,0
7.83,5372.0,592.4,14162.2,503.7,823.1,211.0,29.7,3351.2,17.6,7.65,83,1,3.2,134.5,31.2,85.57,89.42,94.44,97.0,95.22,118.7,22.3,186.3,400.0,256.9,7.26,0
8.11,2860.4,3338.7,10685.7,1600.4,20608.4,7914.0,25.6,2468.2,8.9,3.24,57,0,1.3,29.0,17.5,58.74,63.36,61.77,67.85,67.43,8502.5,2899.6,943.5,2215.6,931.7,7.91,0
8.14,8329.1,3497.0,9065.5,613.3,4578.9,2201.7,26.3,406.0,9.8,6.93,64,0,3.0,67.7,33.5,70.37,73.12,77.11,79.29,81.87,1356.6,591.7,93.0,2562.4,1509.8,7.74,0
7.76,6430.3,4126.8,12486.1,1073.2,968.8,444.5,22.5,303.2,9.1,6.06,40,1,2.8,55.4,18.0,65.41,69.1,74.68,71.35,70.44,335.1,137.4,76.8,2961.9,1900.7,7.76,0
8.1,4572.0,3628.1,12920.5,1294.0,947.3,447.0,28.7,5681.1,13.3,6.6,46,0,4.9,87.9,43.5,70.85,69.29,80.08,81.82,81.84,276.1,137.3,1131.7,2840.0,830.1,7.99,0
9.94,6822.2,1086.8,13260.4,425.9,2226.0,880.5,34.5,415.8,14.4,2.86,86,0,3.8,41.0,29.0,65.82,65.23,72.95,78.95,70.9,760.9,306.2,112.5,822.2,1985.1,9.25,0
9.04,7842.5,3250.4,12277.7,803.5,973.5,526.7,26.1,283.9,18.0,5.03,86,1,4.9,90.7,21.5,77.08,77.7,84.38,85.49,85.75,223.1,117.5,44.4,1844.0,1117.6,7.9,0
7.77,2520.0,8389.9,9215.5,320.6,16335.7,8323.4,33.9,456.4,19.9,3.07,55,0,2.1,61.3,40.2,56.64,60.18,61.55,64.83,68.52,7082.5,3314.1,175.5,6973.5,793.3,7.48,0
7.79,6219.1,1674.7,6657.7,414.8,1489.4,514.6,24.3,6915.1,12.2,9.15,65,1,4.2,111.8,48.9,79.94,80.41,84.04,91.66,89.89,298.7,100.8,1103.4,1024.6,628.6,7.53,0
9.12,4353.8,6850.3,12942.7,807.4,2436.0,1287.6,24.2,1191.4,17.5,1.33,42,1,3.9,23.4,49.4,30.0,30.0,40.0,44.26,45.0,1705.2,901.3,714.8,5588.2,2394.6,8.57,0
9.82,4231.6,7297.4,6628.0,509.0,1844.5,678.2,24.1,1360.1,8.6,1.46,70,0,3.5,12.5,46.1,49.01,48.78,52.92,59.82,55.47,940.6,347.4,640.4,5528.3,1884.2,9.43,0
9.28,5747.4,5055.3,14472.6,778.1,630.0,215.7,23.8,207.2,18.7,0.95,72,1,2.4,17.7,19.7,33.09,37.35,42.94,46.66,45.0,421.6,135.1,118.2,3704.8,3161.1,8.08,0
8.03,3680.8,605.4,8327.0,1233.1,2337.4,823.4,21.0,2679.3,18.5,0.69,77,1,1.2,12.7,14.3,31.51,30.0,40.12,40.0,45.0,1600.9,576.4,1604.3,350.9,2024.4,7.33,0
10.83,1872.9,3410.3,3860.5,1105.6,9188.0,2491.4,24.7,4608.7,9.6,7.03,34,1,2.3,67.7,21.6,55.34,59.22,62.94,62.55,67.25,4103.0,1016.0,1707.9,2727.0,613.4,9.16,0
10.14,1958.4,3307.8,10504.5,1791.3,749.3,230.7,20.0,518.2,9.9,8.7,78,1,2.9,86.4,23.4,87.26,91.04,91.29,95.74,98.0,95.4,20.7,45.1,2246.5,39.2,9.5,0
10.16,7816.9,5066.7,10652.3,270.7,1778.9,515.9,25.4,2589.8,18.6,8.16,56,1,3.2,151.5,16.6,67.08,65.54,71.42,72.37,72.97,585.6,177.8,740.1,3940.5,2113.0,8.9,0
10.56,5280.5,7040.0,10455.5,655.1,862.4,228.3,31.6,1201.3,10.8,2.71,50,1,2.6,29.2,40.3,47.85,50.25,52.62,58.6,57.76,449.7,113.6,569.2,4732.1,2230.3,9.31,0
8.04,6731.9,3871.0,6693.5,350.3,472.3,162.2,21.3,1464.0,15.9,9.01,53,0,4.1,142.9,7.5,72.93,70.9,77.82,78.45,78.4,127.8,47.2,324.7,2260.8,1453.8,7.71,0
10.67,2962.6,1088.3,8722.8,1868.8,1521.3,777.2,29.4,655.1,12.0,5.34,74,1,3.4,64.3,37.2,63.06,61.55,69.92,68.41,72.66,561.9,298.8,197.1,880.8,810.1,9.5,0
8.87,2130.3,4606.1,11914.6,950.9,2645.7,776.9,22.5,4360.3,14.1,4.22,63,0,4.1,59.5,17.0,57.37,54.65,65.15,71.17,68.59,1128.0,352.3,1519.7,3452.4,669.2,8.13,0
8.18,8372.9,7766.8,13753.6,356.3,674.9,307.8,29.3,783.6,18.0,7.97,85,1,4.2,143.8,23.2,80.0,84.18,86.41,88.16,85.67,135.0,48.7,106.5,4793.9,1200.1,7.96,0
10.86,7989.2,2160.3,9355.9,1233.7,421.6,131.9,33.6,6406.6,19.0,4.75,79,0,4.3,90.4,25.8,62.76,67.32,70.68,74.85,74.64,157.0,43.1,1878.3,1338.1,2026.1,9.5,0
10.0,9212.6,5000.1,10880.2,519.9,551.6,274.0,20.8,550.0,8.1,9.34,86,1,3.0,75.2,49.0,84.64,86.13,91.96,93.42,95.41,84.7,38.0,44.2,3007.0,423.3,9.5,0
9.96,1494.3,1983.3,10819.7,1402.0,389.5,136.7,23.5,2821.6,15.8,3.97,53,0,2.6,62.7,41.3,48.59,48.08,55.55,63.43,59.43,200.2,71.0,1254.2,1620.8,606.2,8.45,0
10.28,833.1,9319.7,10592.5,1245.7,5914.2,2015.8,34.9,865.4,11.4,2.43,41,0,3.1,27.8,49.6,43.02,41.82,47.96,52.51,54.23,3370.0,1172.8,450.3,5218.6,381.3,8.26,0
10.72,8652.7,727.7,12587.1,1516.9,445.3,234.4,32.5,1954.3,17.0,8.02,69,1,4.0,136.2,20.2,73.39,78.01,78.1,85.14,82.1,118.5,51.5,428.0,462.6,1548.8,9.42,0
9.07,769.8,5839.0,6315.8,745.9,17154.1,8094.6,32.6,3908.9,13.5,8.19,37,1,4.8,110.2,14.5,67.13,66.26,71.18,80.6,78.16,5638.6,2731.5,1126.6,3652.7,168.1,7.86,0
8.04,3918.1,1472.2,3099.8,1172.5,540.0,227.2,30.9,463.9,11.1,4.98,87,1,3.9,55.2,26.1,68.64,72.74,74.62,83.5,78.79,169.3,61.9,117.7,969.5,830.9,8.08,0
8.85,5260.4,7843.5,7424.5,1414.6,390.5,191.9,34.4,4331.5,13.2,9.8,56,1,2.0,129.8,7.8,75.87,79.92,81.77,81.13,87.82,94.2,38.5,789.6,5745.3,640.8,7.79,0
8.71,4970.9,4378.9,5999.5,606.9,1034.5,476.3,23.7,3103.5,10.6,6.76,25,0,3.8,71.9,20.9,48.6,49.36,54.32,61.72,54.18,531.7,241.2,1417.8,3001.7,2277.6,7.85,0
8.48,6777.3,4874.9,12853.9,750.8,1371.4,469.7,25.4,351.4,11.2,9.0,68,1,2.8,100.7,16.6,89.23,92.77,95.0,97.0,98.0,147.8,33.9,17.6,2808.2,135.5,8.15,0
8.38,5487.6,7102.5,12193.4,1241.9,531.4,202.0,28.5,3499.1,12.8,7.18,44,1,2.9,91.6,19.9,68.99,70.95,77.92,77.55,79.52,164.8,58.7,772.7,5034.0,1124.0,7.81,0
8.93,1323.4,8475.8,10757.5,353.2,6447.7,2493.3,34.8,274.8,11.4,8.74,60,1,2.9,99.8,39.0,77.03,78.5,85.37,91.13,86.31,1480.9,536.1,40.2,4745.9,181.1,8.0,0
7.95,1677.9,7394.6,9057.5,1035.2,522.8,282.3,24.5,1066.2,19.1,7.75,35,1,4.6,147.9,33.0,65.6,69.32,70.12,76.56,76.39,179.8,86.6,318.6,5588.5,396.1,7.98,0
10.15,4962.9,5553.4,8685.7,1636.9,526.0,212.7,25.0,442.9,9.4,6.38,71,1,3.3,60.2,18.8,62.15,65.95,68.56,69.92,68.04,199.1,72.4,139.2,3868.4,1586.3,8.98,0
9.33,2088.8,7097.6,9228.4,580.2,1056.5,402.9,23.7,2786.1,8.9,8.49,80,0,4.9,75.9,25.8,78.37,79.37,81.91,85.49,84.56,228.5,83.1,504.1,5688.4,322.5,8.28,0
7.99,7414.5,2096.9,5588.9,1344.7,1747.9,700.4,20.1,686.1,19.0,7.7,73,0,3.7,146.1,15.7,68.24,69.66,71.6,81.68,73.33,555.1,212.5,194.8,1732.2,1977.1,7.79,0
9.66,2417.9,4675.4,4422.0,1025.0,2257.9,1039.4,31.8,1232.7,11.9,1.11,85,1,3.6,13.2,43.2,41.68,46.67,50.11,56.53,49.28,1316.8,554.3,615.0,3958.2,1226.4,8.86,0
9.66,5937.6,2345.2,7589.6,1163.9,649.9,233.7,32.5,1047.4,14.0,8.63,75,1,3.0,120.8,5.4,79.83,80.81,84.38,92.27,91.25,131.1,44.9,163.7,1898.7,519.6,8.74,0
9.22,9224.7,798.7,11458.5,219.5,8313.6,2729.0,21.7,5552.1,18.6,8.91,58,1,2.9,165.2,39.6,83.58,85.03,89.46,95.1,95.16,1365.0,408.7,585.2,581.7,446.1,9.03,0
10.53,878.8,5052.7,11558.5,1297.5,570.9,225.8,29.4,480.2,18.4,1.16,47,0,4.9,21.4,19.3,30.0,30.0,40.0,42.63,45.0,399.6,158.0,288.1,3836.4,483.4,9.25,0
10.33,3166.8,7860.1,10738.0,234.5,4722.3,1963.8,23.2,683.4,17.8,3.75,81,1,2.5,66.9,13.5,69.19,71.47,74.1,79.09,80.28,1454.9,560.3,177.0,5144.8,624.5,9.5,0
10.43,8714.1,1172.1,14862.0,1288.5,364.7,199.4,28.3,281.8,13.2,7.84,81,0,3.1,103.2,9.4,87.09,85.85,95.0,93.9,92.39,47.1,28.2,14.1,852.2,662.9,9.34,0
8.38,1665.6,4213.6,3283.1,579.4,2689.8,899.9,28.8,563.2,8.7,5.2,80,0,1.8,45.1,10.8,73.55,72.83,82.52,87.26,80.84,711.4,244.5,98.5,2414.3,319.1,8.05,0
8.72,2637.9,3425.9,8955.1,409.8,11541.6,3475.6,22.1,1066.6,16.6,3.11,59,0,3.4,51.7,14.4,48.24,52.91,53.06,54.26,59.72,5974.3,1636.7,500.6,1917.0,1062.6,8.37,0
8.65,4493.8,9458.9,7843.2,933.9,524.9,281.4,31.1,341.7,13.6,3.02,43,0,4.8,41.0,18.8,48.16,50.89,56.6,57.9,57.99,272.1,138.2,148.3,6277.0,1887.8,8.0,0
9.24,6362.8,7423.7,13151.1,1338.3,448.1,226.1,32.5,6232.3,16.3,6.63,80,0,4.7,108.2,37.6,81.95,82.31,87.12,92.96,91.57,80.9,40.0,802.9,5083.9,536.7,8.13,0
8.07,8356.5,3679.3,11983.7,1998.0,511.4,259.0,24.1,734.9,14.9,9.4,69,0,2.2,139.8,26.2,80.49,78.64,89.47,93.94,90.19,99.8,55.3,77.4,3119.3,819.8,8.01,0
9.51,7653.3,1753.2,4952.4,1635.9,4585.0,2186.4,27.5,3383.8,12.8,4.8,45,0,2.2,61.2,39.7,67.67,65.46,72.15,82.6,77.52,1482.5,755.2,942.4,1345.4,1720.1,8.68,0
10.04,8755.8,6946.9,6256.9,1685.7,334.6,95.6,22.0,303.7,9.9,6.93,27,0,3.9,69.0,44.6,54.28,57.62,57.79,60.38,64.42,153.0,40.5,128.2,5614.6,3115.4,8.39,0
10.57,4292.2,9362.0,10293.0,522.8,4946.7,2330.6,30.8,4793.7,12.5,8.26,53,1,4.3,103.1,27.1,69.67,67.58,73.19,82.56,75.18,1500.3,755.5,1285.2,6655.7,1065.2,9.04,0
11.0,6972.8,613.5,10932.2,1942.5,697.7,240.6,31.3,278.9,9.7,0.67,72,0,4.0,6.5,21.8,34.71,32.08,43.7,47.25,45.0,455.5,163.5,157.0,393.9,3835.0,9.17,0
10.48,8951.6,8252.3,7437.8,1419.6,1268.2,387.7,32.8,625.3,11.2,0.6,18,1,1.2,6.7,8.7,30.0,30.0,40.0,40.0,45.0,887.7,271.4,375.2,5435.4,4923.4,8.53,0
8.01,4507.7,3013.5,13068.0,1677.8,1717.4,726.4,28.4,2864.4,12.1,6.94,67,0,4.9,83.9,21.6,69.18,74.15,76.38,83.34,76.21,529.2,187.8,676.4,1774.5,1072.2,7.94,0
9.04,2132.9,1589.2,9257.4,507.7,1474.7,602.4,26.9,2158.2,12.3,1.35,18,0,1.9,16.7,39.8,30.0,33.98,40.0,43.61,45.0,1032.3,397.7,1294.9,929.9,1173.1,8.18,0
7.8,3651.1,7554.1,12275.1,1527.4,3768.9,987.4,28.0,570.3,16.0,8.37,43,1,4.4,134.1,46.4,68.77,69.82,77.09,74.61,76.8,1177.1,298.0,130.7,5483.0,846.9,7.72,0
9.12,6881.4,7260.6,7453.4,1563.1,6356.6,1792.7,23.7,5772.6,12.4,6.19,29,0,1.7,76.6,7.8,63.95,63.01,72.4,70.02,72.47,2291.7,663.2,1593.4,4226.4,1894.5,8.42,0
10.88,719.6,2277.2,9004.8,1487.2,500.4,204.5,31.0,4840.7,11.1,6.11,58,1,4.1,67.7,12.5,58.28,56.71,68.12,66.13,69.62,208.8,88.5,1543.3,1673.7,218.6,9.5,0
8.91,9109.4,5878.3,9512.6,637.6,521.4,222.3,28.3,1346.1,18.1,8.64,89,0,3.9,156.6,36.4,90.91,91.93,93.92,97.0,98.0,47.4,17.9,81.8,4855.3,182.2,8.47,0
10.83,1972.6,8657.9,10999.2,874.2,5177.7,1801.2,34.7,209.3,18.8,3.83,20,0,1.9,72.0,25.4,44.5,44.86,48.28,56.37,50.83,2873.8,993.1,108.3,6308.6,969.9,9.5,0
10.32,6873.5,7065.6,14937.8,553.6,361.8,120.3,32.3,1416.2,8.9,1.36,76,1,4.6,12.1,37.3,37.93,36.38,42.56,44.17,47.89,224.5,76.6,813.4,4543.2,3581.5,9.26,0
10.76,2967.4,1890.1,14293.4,801.9,602.9,215.0,27.5,318.7,10.5,1.8,52,0,2.6,18.9,27.0,34.23,31.85,40.0,40.04,45.0,396.5,146.5,191.2,1443.9,1632.1,9.5,0
8.48,2008.6,1496.5,12560.2,1889.0,8366.6,4518.1,26.0,388.5,9.5,7.28,37,0,1.8,69.0,19.7,68.47,73.33,74.51,76.23,73.48,2638.0,1205.2,99.0,1201.3,532.7,7.75,0
9.01,773.5,8410.8,10881.1,1391.2,1529.4,705.4,26.0,1143.7,13.9,4.03,79,0,2.5,56.2,9.0,65.78,68.48,73.55,72.24,76.2,523.3,222.3,302.5,6924.8,184.1,8.13,0
10.97,9356.8,6405.5,13561.9,481.2,12789.3,6737.3,27.8,962.2,12.4,2.24,79,0,3.7,27.8,31.0,48.75,52.18,56.13,62.25,57.69,6554.1,3221.6,422.1,5152.6,3959.2,9.5,0
7.54,2304.7,4660.7,5650.2,812.7,5675.7,1536.0,27.1,1864.8,16.6,6.61,33,1,2.0,109.6,42.4,56.69,60.22,64.87,66.85,62.99,2458.4,611.0,655.1,3592.4,853.1,7.58,0
8.49,6691.0,7051.5,14527.5,1017.2,17702.3,8018.9,28.5,5629.6,13.0,9.77,70,0,1.5,127.1,34.1,82.02,86.87,91.31,90.98,92.47,3182.8,1053.3,489.3,5430.8,503.6,7.34,0
9.57,7322.9,7429.0,14050.4,594.6,550.7,295.7,25.0,1036.0,16.1,7.23,81,0,4.7,116.4,23.1,83.93,83.93,91.63,93.61,91.94,88.5,47.5,86.7,5196.4,589.9,8.62,0
8.07,7633.0,7042.4,3150.8,528.7,438.0,113.3,30.5,277.7,17.5,7.66,84,0,4.3,134.1,7.8,84.11,88.27,88.27,97.0,91.13,69.6,13.3,32.6,5378.0,676.7,7.78,0
8.35,1158.8,5149.2,13077.6,971.2,2738.9,910.4,24.8,314.3,13.3,0.61,28,1,1.8,8.2,37.7,30.0,32.09,40.0,40.42,45.0,1917.2,618.3,188.6,4152.5,637.3,7.74,0
8.48,3558.9,1652.9,14592.6,612.0,382.0,166.2,33.3,5026.8,10.5,7.18,23,1,4.1,75.6,38.6,50.64,54.05,59.32,59.26,57.01,188.5,76.4,2045.0,1297.3,1530.0,8.02,0
9.38,8925.9,5297.3,12186.6,1421.3,2660.5,673.5,30.8,406.6,17.0,3.44,52,0,1.1,58.5,9.3,51.96,49.3,61.74,57.43,57.63,1278.2,341.4,155.6,4486.3,3782.3,8.01,0
7.77,1441.1,6211.2,6389.7,1402.2,528.3,228.1,32.8,202.6,16.3,5.78,75,0,3.4,94.0,8.8,77.13,78.47,81.44,89.49,88.39,120.8,49.1,37.6,4113.7,167.3,7.8,0
7.52,2932.8,8339.5,6694.3,1382.7,408.6,103.4,30.2,542.2,9.4,9.73,81,1,1.6,91.3,38.7,86.26,87.94,89.29,93.75,92.72,56.1,12.5,58.0,4799.0,213.4,7.55,0
8.98,1555.8,1992.0,5299.1,1689.6,10312.7,4735.1,28.0,5054.5,8.9,7.1,34,1,4.3,63.0,14.1,55.8,54.24,65.31,67.23,61.56,4558.6,2166.6,1753.6,1462.3,598.1,7.47,0
9.12,7705.3,3084.2,4819.1,821.2,6812.6,3286.0,23.1,1149.0,19.2,2.27,86,1,3.4,43.6,23.8,48.58,50.24,56.37,58.32,57.32,3502.8,1635.2,501.3,2126.7,3288.7,8.85,0
10.4,7427.1,784.1,8703.0,1961.5,313.8,112.2,29.7,282.0,17.2,8.39,86,1,1.1,144.4,31.2,86.77,90.81,89.92,97.0,97.84,41.5,10.3,28.4,605.8,160.1,9.5,0
10.29,9049.7,5585.2,9190.3,923.4,1584.6,600.2,27.3,1305.1,13.4,0.75,30,0,2.7,10.0,33.2,30.0,30.0,40.0,40.0,45.0,1109.2,420.1,783.1,3728.9,4977.3,8.6,0
8.44,2316.7,1210.7,3810.0,1880.7,7316.7,1895.8,33.0,1352.9,12.6,6.26,15,1,4.0,78.9,35.2,33.36,30.65,40.0,42.42,45.0,4875.9,1314.7,811.7,754.8,1274.2,8.71,0
10.65,5159.4,4980.3,14289.4,1218.4,7025.6,3252.2,26.9,5491.4,17.2,7.77,70,1,4.4,133.9,5.7,74.54,76.62,79.46,83.31,83.09,1788.5,760.3,1127.9,4000.7,872.7,9.13,0
10.66,2117.1,6585.6,14365.1,495.9,539.5,259.8,20.8,2093.3,9.2,4.76,74,1,4.7,43.9,6.7,58.69,63.33,68.4,64.89,64.3,222.8,95.3,661.4,3841.8,755.7,9.5,0
8.3,2834.8,6076.3,13163.6,865.2,13181.6,6227.9,29.8,4173.1,17.5,7.55,57,0,2.3,131.9,13.4,79.13,80.69,85.39,89.61,86.21,2751.3,1202.9,609.7,4906.0,391.0,7.88,0
10.67,5067.2,3760.1,5902.7,1401.0,1960.4,566.8,21.3,456.8,8.7,8.0,28,0,2.5,69.3,11.7,68.69,65.74,75.99,74.54,74.96,613.7,194.2,109.7,2352.0,1268.9,8.64,0
7.92,8313.3,8201.3,11854.6,490.2,5997.8,1630.2,31.4,5509.4,17.8,5.59,51,1,1.9,99.8,39.5,66.12,67.77,71.19,78.68,76.25,2031.9,525.4,1587.0,6220.4,1974.7,7.66,0
10.68,1728.0,5739.8,9426.6,1874.7,1487.6,396.5,29.4,5308.9,17.4,4.98,75,0,1.3,86.6,5.4,69.41,69.17,75.57,80.84,75.94,455.1,122.2,1297.2,3349.7,415.7,9.5,0
8.57,2379.6,2906.8,11258.5,1513.7,815.2,336.0,21.3,350.5,14.4,8.3,78,0,1.5,119.7,21.7,82.7,83.55,89.56,88.73,88.18,141.1,55.3,36.6,1742.3,281.3,7.42,0
9.4,5536.8,8162.8,5415.7,324.3,464.4,204.7,31.7,243.5,9.0,0.64,67,1,3.6,5.7,17.6,30.0,34.37,40.0,44.92,45.0,325.1,134.3,146.1,4734.8,3045.2,9.11,0
9.39,2833.8,3547.6,7219.4,1075.8,553.1,236.7,26.2,1159.0,18.4,7.08,62,0,3.5,130.5,29.0,74.78,78.91,83.31,83.79,82.15,139.5,49.9,193.4,2909.4,505.8,8.48,0
8.11,8397.1,5837.4,14690.3,894.1,356.0,140.5,30.0,948.4,10.9,7.59,89,0,1.9,82.6,28.3,79.94,77.4,87.2,93.22,86.62,71.4,31.8,121.4,3680.6,1123.5,7.36,0
9.36,3271.4,8530.7,8184.2,1878.6,1212.9,380.0,29.7,513.0,15.3,8.1,69,0,2.8,123.7,12.7,83.19,80.95,87.77,93.11,91.72,203.9,72.4,62.7,5703.5,271.0,7.7,0
8.36,9294.6,5825.3,3181.3,943.7,469.5,226.9,34.7,225.9,10.3,7.22,84,0,1.0,74.5,47.9,76.68,80.72,82.44,89.16,84.75,109.5,43.8,39.7,4829.2,1417.8,7.57,0
10.82,6958.4,6695.6,12471.5,1767.2,1219.8,539.6,28.5,1719.1,18.1,6.85,74,0,2.4,123.7,31.5,70.74,74.46,79.97,75.98,77.16,356.9,137.8,344.3,4154.0,1589.1,9.13,0
7.7,6647.4,6614.3,12496.4,1837.5,937.8,422.0,28.4,5144.7,15.2,9.92,65,0,1.7,150.8,37.0,78.5,81.7,88.17,85.83,85.91,201.6,77.2,608.5,4267.8,936.6,7.13,0
9.99,6850.2,1239.5,6795.2,1610.7,4506.9,1392.4,21.1,287.3,13.8,4.1,34,0,4.6,56.7,21.1,48.79,48.19,57.92,60.4,60.22,2308.1,721.4,120.9,720.3,2724.8,8.89,0
9.0,8567.0,1716.5,13386.9,333.4,424.3,144.0,26.1,219.2,13.8,2.31,58,0,3.9,32.1,38.1,49.83,52.78,59.81,64.1,55.17,212.9,68.0,88.1,1404.6,3840.8,8.26,0
8.65,2823.2,3235.5,12805.5,1687.8,7766.1,1962.7,34.6,3892.8,8.2,2.6,43,1,3.2,21.2,39.1,45.91,49.51,50.79,55.78,51.89,4200.7,991.0,1915.6,2557.2,1358.1,7.93,0
8.5,4032.4,2312.3,9200.4,1710.5,527.9,178.0,27.3,808.4,15.7,4.65,37,1,2.7,73.1,19.8,52.45,52.19,60.79,64.15,59.86,251.0,85.1,316.9,1863.8,1618.4,8.25,0
10.45,2472.9,4259.8,5179.4,534.3,3789.2,2082.7,35.0,1495.5,17.0,4.55,47,1,2.7,77.3,44.7,49.85,47.58,57.48,56.96,57.84,1900.3,1091.7,635.9,3294.1,1042.5,8.98,0
9.45,3656.4,2770.2,7998.1,501.2,4913.4,2198.7,31.4,883.9,20.0,8.67,86,1,1.0,173.3,23.3,77.31,77.79,86.44,87.9,85.98,1114.7,488.2,119.8,1927.5,512.5,9.15,0
10.31,8935.1,1225.4,5903.7,790.8,3209.6,1708.8,20.2,4484.3,16.1,5.17,69,1,1.8,83.2,42.0,68.06,70.57,71.15,74.33,79.03,1025.2,502.9,1293.9,766.1,1873.9,9.5,0
8.75,4329.4,7894.7,4230.2,582.4,9442.6,3883.4,22.5,3017.2,15.2,5.38,90,1,2.6,81.7,40.1,80.59,78.0,84.65,92.81,88.06,1833.3,854.5,463.0,4894.5,517.1,8.1,0
9.7,6193.6,4623.7,14774.3,850.5,3435.3,996.6,34.4,1196.5,8.0,6.8,24,0,2.0,54.5,39.2,47.99,52.57,51.9,62.64,53.61,1786.8,472.7,575.5,3714.8,2873.3,8.91,0
10.62,1207.2,3923.8,13029.9,234.5,3292.8,1534.9,20.3,1226.0,18.1,2.22,32,1,2.3,40.1,6.9,30.45,30.0,40.0,40.0,45.0,2290.2,1074.4,735.6,2377.2,664.0,9.5,0
10.53,7855.7,8545.9,14602.1,1320.8,4281.2,2305.9,28.2,430.1,13.4,7.04,43,1,2.8,94.1,49.8,63.76,64.05,73.46,78.56,73.5,1551.5,828.9,114.2,4939.3,2082.0,9.06,0
9.93,2587.5,7901.8,4325.2,1698.3,400.8,105.0,29.0,458.9,10.4,1.86,36,0,4.8,19.3,10.2,35.52,40.43,40.46,45.2,45.0,258.4,62.6,273.2,5517.0,1423.1,9.2,0
8.6,6017.8,5791.9,4165.9,1928.2,306.6,150.9,32.8,328.7,18.1,8.25,68,1,3.7,149.1,13.5,86.45,91.02,95.0,95.36,94.17,41.6,13.6,16.4,4112.2,350.9,7.83,0
8.61,8551.0,3229.5,6592.7,1579.7,5816.9,2496.8,31.9,3347.8,13.8,1.62,61,1,4.6,22.3,35.6,34.82,35.72,40.0,40.34,45.0,3791.7,1605.0,2008.7,2465.6,4703.0,8.12,0
10.79,7096.4,5568.9,7683.9,1726.6,982.5,249.5,21.1,676.0,18.5,7.02,77,0,3.5,129.8,29.9,80.01,81.93,88.2,91.95,88.11,196.4,45.1,79.8,4726.1,843.8,9.5,0
8.86,7479.7,5905.3,14926.2,567.8,1046.4,457.9,22.8,513.5,11.1,6.5,53,0,2.0,72.0,30.7,65.26,68.09,71.69,77.2,76.51,363.5,146.1,145.4,4434.8,1757.0,8.18,0
8.88,2370.9,8179.5,7408.0,834.4,334.3,121.9,26.1,5236.5,18.6,7.73,81,1,3.5,144.2,27.0,82.48,80.37,88.24,94.2,88.44,58.6,23.9,615.6,6651.4,274.0,8.04,0
7.83,6186.3,2957.6,12683.6,1712.2,372.8,95.6,32.1,1919.6,9.8,4.27,17,1,3.0,41.8,25.4,36.01,33.61,45.6,47.3,46.75,238.6,63.4,1044.2,1885.2,3294.4,7.86,0
7.83,8412.1,7350.1,7549.1,1858.4,384.8,123.9,34.9,600.8,14.0,3.63,72,1,4.3,50.6,44.2,62.07,65.85,70.65,72.06,70.74,145.9,42.3,176.3,4884.6,2461.4,7.35,0
8.43,3429.1,820.4,7681.4,237.8,539.2,142.0,27.8,1793.6,10.1,9.8,67,0,3.9,98.8,42.2,90.18,93.0,95.0,97.0,98.0,53.0,9.9,89.7,550.9,68.6,7.49,1
9.26,5768.2,3130.0,11088.2,290.6,17441.1,6039.8,26.0,471.5,11.1,6.58,30,0,4.0,73.0,42.4,54.13,52.01,59.0,59.78,63.54,7999.7,2898.6,193.3,2551.3,2102.8,8.51,0
8.74,2301.4,7635.7,13510.6,254.2,4007.1,1163.4,31.1,4840.4,16.1,9.79,83,0,1.7,158.0,12.2,91.4,92.58,95.0,97.0,97.34,344.6,86.4,242.0,4397.8,61.2,8.37,0
10.0,4592.7,7188.7,5387.9,885.8,499.4,215.8,28.7,2140.3,10.4,6.91,77,1,3.2,71.9,18.1,81.68,84.51,90.82,93.22,92.53,91.5,33.4,196.5,4009.9,343.0,8.61,0
9.84,4378.0,4643.2,4887.3,1158.1,7114.0,1975.8,23.7,2142.8,19.2,5.53,16,1,3.2,106.4,17.7,40.73,40.24,44.52,55.17,48.86,4216.4,1180.8,1188.9,3314.8,2239.0,8.0,0
8.94,664.1,6820.3,4096.7,1961.0,7325.6,3386.5,24.0,394.8,8.6,4.55,67,1,4.0,39.1,12.7,62.51,66.42,67.71,72.19,69.88,2746.1,1137.3,127.5,4520.9,200.0,8.69,0
8.67,8457.9,8363.3,8131.2,443.8,2606.6,1129.0,28.5,4738.0,8.7,2.15,63,1,3.6,18.7,19.4,47.41,49.36,51.26,60.57,53.55,1370.9,571.7,2309.3,6852.1,3928.9,8.0,0
9.66,9379.7,611.6,3679.0,576.3,16625.8,6374.6,21.6,1711.4,13.4,0.69,86,1,4.8,9.3,11.6,34.85,37.66,40.0,41.75,45.44,10831.6,3974.1,1026.8,382.1,5117.8,9.36,0
7.59,2514.4,9467.0,7177.1,1955.6,508.8,218.9,30.7,2486.7,8.3,0.78,56,1,4.8,6.4,12.5,30.0,31.27,40.0,44.57,45.0,356.2,150.5,1492.0,6871.9,1382.9,7.12,0
9.6,4557.6,2603.4,14856.4,990.6,5385.5,1745.4,26.7,1235.2,12.6,7.09,18,0,4.1,89.3,47.7,50.06,51.66,54.21,57.68,55.07,2689.8,843.8,565.6,1812.6,2047.8,8.39,0
10.53,4983.8,4347.4,7718.3,1271.4,646.7,260.7,24.3,1933.6,14.5,6.53,76,0,1.1,94.8,18.7,75.4,78.49,79.75,89.38,87.34,159.1,56.1,391.5,3445.8,631.1,9.5,0
8.35,4594.6,2892.8,6530.0,1028.0,565.7,229.0,32.5,4407.1,8.4,9.13,66,0,4.9,76.5,41.3,77.11,81.59,81.47,85.74,82.59,129.5,42.1,816.6,2071.5,799.8,8.11,0
9.73,738.8,4392.5,12174.3,1994.9,1836.0,725.5,25.3,265.9,13.2,9.89,83,0,3.5,130.2,20.8,82.69,80.37,87.3,90.12,87.84,317.8,142.4,33.8,2462.9,89.8,8.43,0
10.72,8929.5,3242.8,7008.6,1239.7,1153.2,421.9,32.0,4341.6,14.2,9.53,20,1,3.0,135.2,15.3,51.34,55.8,61.02,64.02,59.38,561.2,186.5,1692.3,1808.9,3627.2,9.46,0
9.58,2723.9,7732.4,6903.5,818.1,11667.5,3905.9,20.8,5544.0,14.6,4.8,31,0,3.1,70.3,21.5,48.81,53.44,56.43,55.32,60.05,5972.3,1818.7,2415.5,5217.4,1088.2,8.84,0
10.49,691.4,6312.3,8492.4,296.0,18433.8,7480.3,27.6,4239.9,9.4,8.08,54,0,1.1,75.9,11.8,77.98,80.3,83.24,91.59,84.48,4059.9,1473.8,710.7,3623.1,107.3,9.5,0
9.96,2464.3,3177.9,4338.1,1079.3,514.2,203.1,26.7,1440.3,18.5,4.28,69,1,2.4,79.0,47.4,58.51,62.61,66.71,65.77,65.93,213.3,76.0,479.5,2344.2,839.6,9.23,0
7.7,4277.5,4269.1,6860.0,649.4,1145.5,423.8,21.4,430.0,14.2,1.74,82,1,4.1,24.6,38.2,43.78,44.19,47.42,53.04,54.29,644.0,236.5,226.1,2934.0,1955.3,7.58,0
10.07,1422.6,1701.3,13245.4,932.2,12507.7,5946.5,22.1,2673.2,14.4,2.95,68,1,4.6,42.5,36.1,51.71,48.79,55.19,64.69,62.08,6040.4,3045.4,1198.0,1411.6,539.4,8.62,0
10.76,8343.8,6412.6,10122.7,1360.5,10739.9,5256.1,30.3,552.1,19.9,7.19,22,0,4.0,142.9,13.1,49.5,51.61,55.6,57.05,60.7,5423.2,2543.2,245.1,4975.4,3279.1,9.5,0
9.59,2346.3,1288.8,9965.6,807.0,8230.1,3607.3,21.9,5023.0,11.8,8.11,51,1,3.1,96.1,28.2,61.15,60.84,69.92,70.86,67.5,3197.8,1412.6,1510.7,1069.1,762.6,8.45,0
10.88,4985.3,8844.6,14533.6,903.9,582.5,241.2,22.8,3141.6,12.1,8.05,86,1,3.6,97.1,20.6,84.28,83.6,91.22,93.48,95.0,91.6,39.6,275.8,6116.3,249.5,9.5,0
10.34,2602.5,2421.6,7741.6,1602.4,17313.7,8175.5,23.6,3533.3,8.5,1.53,71,1,2.7,12.9,29.0,47.38,48.52,52.09,52.77,57.6,9111.3,4209.0,1692.9,1937.0,1103.5,9.44,0
9.63,2521.4,7305.5,10235.3,1134.6,5196.2,2540.6,31.3,2600.1,8.1,3.86,41,0,1.0,31.3,48.1,51.96,52.12,56.98,64.81,57.65,2496.0,1216.4,1118.6,5925.5,1067.9,8.97,0
10.39,3412.5,2745.9,14521.6,701.6,1373.8,639.2,29.2,1042.4,18.8,5.61,51,1,1.8,105.8,45.0,62.91,65.31,69.3,71.88,74.13,509.6,221.8,320.0,2094.6,882.9,9.29,0
9.37,4199.3,1098.0,3768.1,955.3,8178.9,3850.4,26.9,1033.0,18.0,3.61,53,0,4.0,64.9,37.0,42.21,46.97,49.0,53.08,48.65,4726.4,2041.8,526.8,815.6,2156.4,8.38,0
9.53,6977.4,3217.0,6179.3,1104.1,965.5,391.0,32.4,2082.5,13.5,7.7,76,1,3.0,103.6,47.9,74.52,75.1,81.78,81.6,80.68,246.0,97.4,379.4,2243.3,1347.9,7.84,0
7.78,9005.6,7541.1,5428.9,939.4,323.4,163.4,30.3,593.5,15.2,9.08,62,0,4.9,137.7,7.0,82.28,82.3,88.34,89.21,88.38,57.3,28.9,69.2,5633.9,1046.4,7.18,0
9.14,4924.4,4205.9,3467.2,1119.0,543.8,225.6,27.4,532.0,16.0,4.13,28,0,2.5,66.2,47.2,54.45,56.68,61.66,62.91,64.81,247.7,97.7,204.0,3002.8,1733.0,8.11,0
9.1,3516.1,8058.2,10571.1,302.6,7695.0,2676.7,26.1,358.4,9.4,2.72,73,1,4.8,25.4,29.3,51.76,49.51,58.61,60.31,60.0,3712.0,1351.6,148.3,4464.4,1406.5,7.93,0
8.56,1752.1,1256.4,6869.4,280.4,345.7,94.8,33.7,2524.5,13.1,7.78,88,0,4.9,101.8,10.9,79.38,81.95,87.02,94.07,88.63,71.3,17.1,327.6,996.5,199.3,7.46,0
9.7,587.9,8683.0,3853.9,626.5,3383.4,1750.4,23.9,1046.6,13.8,9.36,22,1,2.0,129.0,47.8,48.62,51.81,56.0,62.0,57.64,1738.4,843.4,460.5,7220.6,249.1,9.25,0
9.11,1971.7,3247.8,8251.9,919.1,15901.8,5045.9,28.9,398.8,13.5,3.06,16,0,2.6,41.3,30.9,37.54,34.58,45.74,43.27,49.3,9932.7,3301.2,216.4,2118.8,999.7,8.91,0
7.73,4737.0,6869.9,4270.7,1507.4,923.6,240.7,34.2,370.7,16.7,8.06,90,1,4.9,135.0,25.0,86.22,90.62,94.79,93.59,94.04,127.3,22.6,19.3,5207.8,282.1,7.43,0
10.19,3997.0,4838.4,9995.1,1333.7,3029.2,1311.4,34.5,601.8,11.8,2.62,22,1,4.2,30.9,12.7,36.37,40.83,40.78,49.54,45.0,1927.4,776.0,356.4,3516.1,2198.4,9.5,0
8.6,9227.8,8993.9,4125.0,268.4,1187.7,328.0,31.3,561.7,10.0,8.35,90,0,4.2,83.4,34.8,82.38,79.6,86.48,95.21,89.6,209.3,66.9,75.9,6812.6,959.9,7.77,0
9.81,6521.5,4772.1,3616.8,521.9,350.0,158.3,22.6,1088.4,11.0,8.2,84,0,4.0,90.4,15.2,92.0,93.0,95.0,97.0,97.46,28.0,11.1,54.4,3710.7,165.6,8.05,0
10.35,7349.3,8354.6,8346.5,1535.0,556.2,228.9,28.1,6738.2,19.0,5.97,57,0,4.3,113.4,5.8,70.35,70.28,75.4,84.43,78.12,164.9,68.0,1657.7,5922.1,1607.7,9.13,0
9.42,8498.7,6760.6,13782.7,612.9,3535.6,1221.3,21.6,3115.0,12.4,1.74,82,0,3.2,21.7,42.8,47.13,46.39,54.34,54.85,54.44,1869.2,654.7,1422.3,5150.0,3872.4,8.41,0
8.6,5336.0,1471.6,7581.9,430.0,862.9,446.5,33.2,522.0,9.9,9.23,64,1,3.9,91.2,37.2,83.72,84.12,92.56,97.0,90.2,140.5,70.9,38.8,1153.5,522.8,8.34,0
10.5,8033.1,2485.5,11089.6,446.9,3815.3,1184.8,22.4,1453.6,12.9,0.97,52,1,3.8,12.5,40.9,30.0,34.41,40.0,43.14,45.0,2670.7,777.1,872.1,1832.6,4418.2,9.17,0
9.85,6390.6,696.4,3108.5,1632.7,1247.1,397.2,28.2,4247.8,19.7,7.73,78,0,2.7,151.9,36.5,78.88,80.95,84.21,88.51,88.77,263.4,75.7,670.6,529.4,717.6,9.43,0
9.53,6080.5,3572.6,13058.0,1691.2,1122.4,447.8,28.8,843.5,16.2,8.35,78,0,1.7,135.0,7.1,81.47,84.86,88.53,87.1,93.19,207.9,67.8,96.8,2815.8,414.4,8.28,0
10.55,5705.5,3612.9,9067.6,995.8,1170.3,460.3,24.2,1372.6,11.3,4.33,43,0,2.4,48.9,32.8,46.96,47.64,54.51,53.15,57.9,620.7,241.0,624.4,2723.8,2401.8,8.86,0
7.63,599.0,4832.1,8851.5,1489.5,4742.9,2524.6,30.4,271.6,11.2,0.71,80,0,4.1,8.0,12.3,39.06,40.43,45.23,48.35,47.3,2890.3,1504.0,148.8,2888.1,315.7,7.36,0
8.15,4520.4,2346.0,13284.2,393.6,307.5,154.6,30.1,276.9,9.6,7.12,76,1,1.1,68.4,10.1,77.91,80.13,87.54,84.56,89.45,67.9,30.7,34.5,1601.4,477.0,7.58,1
8.47,5607.9,2333.9,12253.5,1595.4,3342.1,875.0,25.1,5457.8,11.1,4.95,55,0,1.9,54.9,10.0,65.04,62.77,70.5,75.84,73.89,1168.4,325.8,1610.2,1909.6,1464.1,8.71,0
10.79,5914.5,8719.6,5980.6,1702.9,1980.1,723.8,27.8,289.4,8.8,2.37,86,1,3.4,20.7,12.6,52.47,51.45,61.15,57.77,60.92,941.2,351.4,112.4,5048.7,2311.4,9.5,0
10.79,5355.4,3849.5,6576.6,815.4,5294.0,2534.1,26.3,2943.7,15.7,7.25,26,1,3.2,113.6,9.1,52.5,52.18,62.17,65.23,64.29,2514.5,1211.9,1113.6,2889.8,1912.6,9.33,0
10.26,9001.5,5890.8,7771.3,1486.6,12245.4,5062.7,30.8,414.8,9.4,7.33,39,1,5.0,69.0,8.6,66.32,70.99,73.18,79.3,72.19,4124.7,1468.9,111.3,4333.7,2503.8,9.11,0
9.66,6610.1,2786.7,14373.7,783.4,472.7,197.5,20.7,375.5,12.4,8.57,80,0,2.9,106.2,14.8,80.43,84.46,88.54,89.69,91.23,92.5,30.7,43.1,2305.6,579.6,8.97,0
8.5,2357.8,4245.4,4063.3,1053.1,14847.5,7248.3,22.5,1161.6,14.2,9.53,38,0,3.5,134.9,10.4,68.03,71.12,74.86,77.07,73.56,4747.1,2093.2,292.0,2715.2,623.5,7.83,0
10.57,1359.8,5527.8,4264.7,272.5,453.7,212.2,22.5,1020.0,8.4,1.71,82,0,2.4,14.3,14.8,44.28,42.77,52.64,58.98,54.67,252.8,121.4,483.1,3594.9,616.4,9.5,0
10.4,6908.1,3552.8,11924.5,255.1,383.5,192.5,29.3,1851.9,12.3,7.72,69,0,2.1,95.1,26.2,74.12,78.68,78.78,86.87,82.36,99.2,41.0,393.0,2428.3,1218.6,9.19,0
10.54,4819.4,2827.6,12105.3,489.2,588.9,230.1,25.0,378.8,16.3,5.44,36,1,2.4,88.8,26.0,54.51,59.26,59.55,59.64,64.84,267.9,93.8,153.2,1620.7,1694.7,9.32,0
9.94,5720.8,6998.6,6597.6,1888.3,636.8,279.7,21.3,875.0,17.8,3.34,51,0,3.1,59.6,43.4,51.59,54.33,57.03,58.45,57.65,308.2,127.7,376.0,5601.9,2422.7,9.2,0
10.71,4362.2,527.7,13627.2,1258.0,374.3,200.9,31.9,2627.2,12.5,9.47,78,1,4.2,118.6,12.5,85.33,89.25,90.37,94.52,95.31,54.9,21.6,253.0,349.1,204.4,9.02,0
11.0,4864.6,8886.0,11421.3,528.2,839.9,328.5,21.2,1091.2,9.3,7.1,67,0,1.8,66.2,48.1,76.81,75.59,85.46,86.33,83.98,194.8,80.2,158.7,7222.4,779.2,9.5,0
10.88,8582.3,4051.2,3164.9,822.5,20622.9,9905.8,28.7,252.7,9.5,7.07,69,0,1.8,66.8,27.5,70.27,69.75,78.32,75.88,81.14,6130.9,2996.4,54.8,3140.9,1618.3,9.5,0
7.7,1077.9,6358.8,3432.2,1307.2,1755.3,658.5,32.7,5075.7,13.7,9.59,73,1,1.1,131.6,44.1,79.58,83.29,87.28,91.3,87.41,358.5,110.0,645.8,5316.4,135.7,7.34,0
8.89,8265.2,4369.4,4925.6,1477.0,9727.8,4318.1,33.7,2875.1,18.9,4.41,19,0,1.8,83.2,5.6,44.22,48.33,50.2,57.36,52.01,5425.9,2231.0,1431.7,3466.3,3966.2,8.86,0
9.62,7759.1,3647.3,3001.6,1546.7,474.8,242.6,25.7,1285.3,12.4,6.81,62,1,1.6,84.2,43.2,72.43,76.89,78.5,81.97,80.09,130.9,56.0,276.3,2012.5,1544.8,8.67,0
7.99,4208.4,1735.3,14322.0,308.7,542.8,251.0,21.8,1034.6,11.1,7.22,84,1,2.4,79.8,40.3,80.84,79.49,90.29,93.1,91.23,104.0,51.5,100.4,1055.1,368.9,7.81,0
10.45,6941.9,8517.7,5899.2,1657.1,864.4,325.3,27.6,6734.8,8.4,8.16,71,0,1.5,68.6,23.6,84.28,83.83,88.67,89.8,93.77,135.9,52.6,763.4,5916.0,432.7,9.5,0
9.95,3816.7,3645.6,14034.4,1075.0,988.2,249.2,23.5,348.9,8.5,2.84,43,1,2.5,24.2,47.0,43.58,45.28,50.75,57.28,54.44,557.5,136.4,171.8,2526.8,1739.0,8.82,0
8.05,7128.0,5171.5,10269.4,1708.2,937.4,387.5,29.0,4710.7,10.2,3.96,78,1,4.5,40.4,9.9,70.67,69.59,75.71,83.64,79.45,274.9,117.8,1144.5,4211.5,1464.9,7.57,0
10.37,4565.9,7062.6,7916.1,915.8,1302.4,706.3,32.5,472.4,18.7,2.12,77,1,3.4,39.7,29.0,46.26,44.65,54.28,57.53,57.24,699.9,391.0,216.0,5917.0,1952.3,9.18,0
10.53,4420.2,1138.4,14336.8,616.5,4386.0,1496.6,22.9,2760.6,8.5,1.87,23,1,2.1,15.9,25.7,30.0,30.0,40.0,43.95,45.0,3070.2,1047.6,1656.4,795.5,2431.1,8.8,0
7.73,3664.6,5971.1,3750.3,1609.9,714.4,317.2,28.2,1335.4,10.1,2.59,85,0,3.0,26.3,39.6,55.74,55.21,65.36,66.12,61.61,316.2,142.1,462.6,4928.2,1406.7,7.43,0
8.33,8827.2,9210.7,4222.7,1219.1,9777.5,3065.5,20.8,2666.1,14.5,5.31,21,1,4.1,77.1,34.4,46.69,48.94,53.5,60.17,54.17,5212.3,1565.1,1239.8,6330.9,4045.9,8.3,0
10.11,5635.5,7963.6,6449.5,1889.3,11060.9,4129.5,20.3,1117.0,11.5,6.05,29,1,3.3,69.8,28.1,49.07,50.88,54.39,63.39,59.24,5633.0,2028.3,509.5,6337.4,2296.9,9.06,0
10.68,5904.7,5317.8,7185.8,586.8,495.7,182.7,23.7,656.0,12.0,5.58,36,1,4.6,66.6,12.7,55.24,57.98,58.91,61.7,66.37,221.9,76.8,269.6,3194.8,1985.9,9.15,0
8.48,6759.2,3482.1,3184.7,1343.7,314.0,140.9,26.5,1803.7,12.7,1.33,29,0,1.3,16.9,13.4,34.08,38.5,43.77,41.57,45.0,207.0,86.6,1014.2,1961.4,3717.6,8.25,0
9.94,784.3,8735.8,4534.4,1300.6,3827.3,1856.4,25.3,452.6,20.0,4.53,35,0,1.1,90.5,16.2,53.88,56.12,59.91,60.62,63.18,1765.0,814.5,181.5,4821.7,288.8,8.6,0
7.55,1229.4,5545.9,3694.1,787.3,1944.0,544.1,23.7,5525.2,10.7,8.13,54,0,1.4,86.9,23.3,76.4,78.33,80.37,83.89,86.73,458.7,117.9,1084.7,4122.1,163.2,7.37,0
7.94,7194.0,3171.1,9935.1,312.3,409.2,154.5,20.2,2833.2,16.6,8.62,78,0,1.7,143.0,28.0,89.1,93.0,94.17,94.19,94.55,44.6,10.8,165.3,1968.0,392.1,7.79,1
9.2,7729.3,2466.5,4407.4,1723.9,567.0,162.0,24.2,2364.9,10.6,9.94,75,0,4.5,105.1,9.0,77.44,81.91,81.83,87.18,84.46,127.9,29.3,429.8,1856.0,1201.4,8.42,0
8.15,3345.4,6833.2,6429.1,831.5,11449.8,3522.8,32.0,1416.9,12.3,9.96,84,1,2.4,122.1,9.7,82.75,81.63,91.58,88.01,89.32,1975.5,647.3,119.4,4702.3,357.4,7.86,0
9.17,7897.0,1453.2,14392.8,585.3,621.3,234.1,25.2,1400.8,19.0,9.05,87,0,2.9,171.5,11.5,83.87,86.29,93.68,94.33,89.79,100.2,32.1,88.5,935.9,806.4,9.2,0
8.82,5237.6,4462.9,11902.8,811.9,2748.6,917.0,29.9,770.5,10.7,9.58,75,0,3.5,102.3,27.3,82.17,86.68,86.49,93.96,87.61,490.0,122.2,104.1,2835.3,649.1,8.08,0
10.96,1234.7,1251.2,8071.6,997.0,690.7,202.3,24.0,1783.1,13.1,4.84,64,1,4.0,63.5,23.5,68.72,72.8,77.27,78.01,79.8,216.1,55.0,405.3,888.9,249.4,9.5,0
9.67,984.1,8586.0,14251.3,1327.6,680.8,199.8,28.1,525.1,10.8,8.17,80,1,1.1,88.2,7.2,73.43,77.78,77.64,81.74,80.84,180.9,44.4,117.4,7217.2,188.5,8.75,0
10.33,4184.7,4638.2,9125.2,215.1,439.5,135.6,34.2,3426.6,12.4,6.8,31,0,3.0,84.0,11.5,53.62,52.0,57.76,61.65,60.31,203.8,65.1,1447.4,2591.4,1661.1,9.5,0
9.7,2927.7,662.1,6681.3,607.7,2366.8,1114.6,26.0,540.6,9.2,9.94,72,1,1.6,91.8,38.0,81.82,85.44,91.02,95.7,92.49,430.3,162.3,48.5,558.3,219.8,8.37,0
7.84,3761.5,1871.7,7084.6,1927.8,8745.7,3271.4,32.6,300.7,18.4,8.62,59,1,2.2,158.9,15.7,75.04,72.1,80.53,81.16,86.69,2183.2,912.7,58.5,1406.1,500.8,7.83,0
9.84,4153.0,8108.5,6309.5,928.8,1430.1,741.2,28.7,4343.2,16.1,8.96,77,0,3.7,143.7,39.0,91.13,89.75,95.0,97.0,98.0,126.8,76.0,217.2,5814.8,83.1,9.5,0
9.71,7030.6,6113.6,3467.0,973.6,1318.8,391.4,32.0,806.7,14.8,7.54,84,1,3.0,111.9,34.2,76.84,74.1,80.55,89.74,85.29,305.4,101.4,156.9,4505.3,1034.3,8.8,0
10.53,4824.1,7336.1,5543.7,641.4,571.9,272.7,28.6,1126.7,8.8,9.71,76,1,3.6,85.3,20.9,83.34,81.51,90.31,95.38,89.32,95.3,50.4,109.2,6119.3,515.1,9.5,0
8.33,1996.6,1487.6,3922.3,1679.3,17540.6,5366.1,26.6,2928.9,10.4,4.32,61,1,4.6,44.8,17.9,53.59,56.69,59.87,68.28,60.72,8140.4,2324.1,1175.5,1051.9,784.2,7.94,0
10.95,4268.9,9282.9,3867.8,538.3,884.4,340.6,33.7,2992.8,10.0,8.05,40,1,4.2,80.7,23.0,54.91,55.65,59.02,65.29,66.38,398.8,151.0,1226.6,7755.4,1435.3,9.5,0
7.93,617.9,5359.6,9644.5,948.4,11889.5,6381.0,28.6,520.2,17.8,9.81,58,0,4.7,174.9,13.7,80.16,79.29,89.54,94.92,88.18,2358.7,1321.4,54.4,2974.9,73.0,7.96,0
8.34,3426.7,8944.7,14604.4,388.0,18147.6,7319.4,32.0,587.8,13.9,4.97,81,0,2.3,68.9,25.2,69.6,73.93,73.1,83.76,78.5,5517.0,1908.1,158.1,5483.3,736.6,7.8,0
8.04,5085.1,5746.1,4676.2,1305.5,766.0,245.1,28.6,6272.7,13.6,8.19,85,1,3.0,111.7,43.3,81.63,80.99,91.17,95.22,90.31,140.7,46.6,554.1,4883.2,492.5,7.59,0
8.14,2027.8,6536.6,9632.5,1270.7,2557.9,1305.6,31.7,469.4,13.1,4.33,33,1,2.6,56.9,30.7,37.61,36.13,42.11,45.15,46.12,1595.9,833.9,271.7,4124.6,1092.6,7.39,0
10.09,6176.6,1464.6,6518.1,713.9,569.4,231.5,33.7,4752.0,16.5,8.52,81,1,1.9,140.9,20.1,84.3,84.47,90.68,97.0,92.74,89.4,35.9,442.8,828.4,448.6,9.47,0
9.94,2649.0,888.6,4639.2,1019.3,4711.7,1849.0,31.0,651.1,18.0,6.74,34,1,2.9,121.6,18.1,51.2,50.92,58.59,61.93,56.48,2299.2,907.5,269.6,674.3,1152.8,8.72,0
8.86,6649.7,4547.7,12087.7,1686.3,16907.7,8294.1,27.8,2772.2,10.3,0.54,53,1,2.1,5.5,26.4,30.0,30.0,40.0,40.0,45.0,11835.4,5805.9,1663.3,3335.4,3657.3,8.55,0
7.94,2576.0,5495.8,14562.0,1386.3,1615.7,425.8,27.0,1474.4,18.3,7.83,53,0,2.9,143.5,31.0,74.24,78.03,84.2,81.13,81.99,416.3,93.5,232.9,3305.1,463.8,7.26,0
7.92,6474.2,7159.1,9861.0,667.4,7299.7,2587.1,21.4,695.7,9.4,4.79,28,0,2.6,44.9,9.5,50.25,50.76,58.0,61.1,58.0,3631.7,1273.9,292.2,4932.4,2719.0,7.5,0
10.89,8346.1,9204.1,12801.4,1883.9,13196.9,4902.5,20.1,422.4,8.1,1.99,61,0,4.5,16.0,44.3,46.66,46.71,52.05,52.59,57.3,7039.5,2612.3,202.5,5196.3,3563.8,9.5,0
9.01,992.9,5520.1,3371.5,1493.7,1060.8,547.9,28.3,3002.7,19.3,4.84,58,1,1.4,93.1,25.8,63.21,63.51,66.87,76.77,71.78,390.2,199.9,994.9,4474.9,280.2,7.64,0
9.42,6246.7,2841.4,13176.5,673.8,1594.1,426.0,23.9,3576.3,15.8,3.44,85,1,4.4,54.3,34.8,58.96,61.12,62.76,65.27,66.3,654.2,165.6,1332.0,1853.3,2105.1,8.89,0
8.46,7607.3,1993.6,14818.3,366.2,14513.5,4301.2,24.5,2010.8,13.1,7.92,31,1,1.3,103.7,18.9,55.83,57.71,64.36,65.1,64.69,6410.8,1818.8,716.7,1242.2,2686.5,7.71,0
10.28,6764.2,3442.4,3210.6,1725.3,10140.7,4867.3,23.3,2100.8,15.3,4.48,32,1,4.6,68.4,30.2,43.22,45.27,50.91,50.1,54.0,5758.0,2663.7,1031.3,2901.5,3111.3,8.78,0
8.8,874.2,1368.8,11225.3,1650.3,559.5,303.5,22.9,6063.3,12.9,5.27,59,0,3.5,68.3,18.5,69.21,67.4,78.6,80.48,75.82,172.3,98.9,1297.3,1121.3,211.3,8.81,0
7.56,7019.0,8510.9,7253.1,1086.6,1064.3,381.1,34.9,3597.0,9.4,4.65,35,1,1.7,43.8,20.6,52.64,56.97,62.0,61.52,63.71,504.1,164.0,1366.8,5632.9,2547.4,6.91,0
10.4,5219.5,8774.5,10480.9,954.7,7749.8,2098.0,32.2,5834.8,16.0,9.51,80,0,3.3,152.6,35.7,90.8,90.98,94.99,97.0,98.0,712.6,189.1,292.2,5836.1,104.4,9.22,0
7.91,2497.7,6754.6,12530.5,1624.8,784.5,390.1,22.6,314.0,15.3,5.12,31,0,4.9,78.2,21.2,60.81,58.91,64.66,72.9,70.75,307.4,160.3,111.0,3769.1,730.7,7.7,0
10.36,7860.5,2789.5,11838.4,1104.4,947.0,467.3,32.4,659.5,8.6,0.59,23,0,2.9,5.1,42.6,30.0,31.13,40.0,41.99,45.0,662.9,321.8,395.7,1784.2,4323.3,9.14,0
9.72,5812.1,6622.1,9242.0,785.5,6675.8,2967.7,33.7,4171.4,14.4,2.47,51,1,4.6,35.7,36.8,45.03,42.48,53.97,51.37,51.61,3669.5,1707.1,1920.3,3757.7,2812.7,8.61,0
7.91,9062.6,6224.9,10563.0,242.7,1278.6,419.4,20.1,3089.7,19.4,6.29,24,1,2.7,122.1,19.5,47.5,51.32,57.27,60.24,59.5,671.3,204.2,1320.2,4116.7,3670.5,8.02,0
7.9,7438.2,8615.9,13663.9,978.2,5223.5,1685.7,26.1,5693.7,10.1,1.95,64,0,2.9,19.7,6.1,43.51,40.98,47.08,50.5,51.52,2950.5,994.9,3013.4,6087.5,3605.8,7.99,0
10.81,6352.9,8512.3,5007.9,1047.7,3647.7,1945.7,21.5,1083.2,15.6,3.58,31,0,2.7,55.8,34.7,40.18,37.68,44.66,52.25,50.58,2182.1,1212.6,599.5,6736.8,3139.4,8.78,0
9.55,3438.2,5348.3,3828.1,1419.3,732.5,284.3,23.7,5719.9,9.1,7.35,78,1,1.2,67.0,17.4,65.14,67.84,74.51,75.3,76.54,255.3,91.4,1457.8,4005.0,806.6,8.56,0
9.75,2166.2,9108.5,10554.7,321.1,11101.4,4086.3,24.5,1332.8,8.8,2.32,84,0,3.1,20.4,32.3,57.25,55.43,63.06,67.08,68.91,4745.4,1821.3,492.4,7375.6,673.4,8.62,0
10.8,1946.8,5646.9,4611.3,1025.2,786.2,231.5,27.3,3351.4,14.0,5.41,87,1,1.0,75.8,24.7,68.13,67.88,71.64,75.75,78.59,250.6,74.3,950.5,4701.3,416.9,9.42,0
8.86,4280.2,3978.2,9477.7,634.0,520.9,183.0,29.9,552.9,12.3,7.39,65,1,2.9,90.9,32.6,74.81,73.12,84.54,86.41,86.19,131.2,49.2,85.5,2569.2,590.9,8.17,0
10.11,3293.3,7757.6,14405.5,290.4,20692.4,8635.1,27.4,6024.0,17.3,3.07,67,0,4.9,53.2,32.3,62.8,63.67,67.3,74.34,72.82,7697.9,3137.1,1970.1,5695.8,895.3,8.76,0
7.59,1927.4,6283.1,8639.9,692.6,765.5,233.6,24.6,3919.3,10.3,3.18,85,0,4.1,32.6,7.1,72.08,69.58,75.34,81.13,83.98,213.7,71.1,966.3,5042.9,308.8,7.54,0
10.06,5686.6,2539.9,7915.5,549.0,7580.4,3963.3,21.9,412.3,14.2,1.41,51,0,1.7,20.0,24.0,32.48,37.0,40.0,45.84,45.0,5118.6,2496.8,247.4,1460.7,3127.6,8.98,0
10.89,1782.5,9364.9,10093.6,1642.6,3738.6,1988.8,28.3,3076.5,8.9,6.71,17,1,2.9,59.6,10.8,41.32,40.96,44.99,55.95,47.74,2193.8,1174.3,1692.4,5313.8,931.4,9.32,0
9.64,6513.9,569.0,11069.5,1684.0,12608.1,4414.5,33.2,1643.9,18.2,6.25,50,1,4.2,113.7,17.9,54.77,52.59,60.79,63.0,60.59,5703.3,2092.9,644.5,463.5,2566.9,8.67,0
8.61,7689.0,8118.6,3628.3,871.6,2574.0,709.1,33.0,377.0,15.2,6.42,39,1,2.6,97.8,18.4,64.43,62.03,74.13,72.29,75.46,915.6,269.2,97.5,6297.6,1886.6,7.6,0
8.06,4162.2,6823.7,14580.2,1416.5,10589.8,5374.3,21.5,1173.0,12.1,2.19,83,1,2.0,26.6,16.9,45.82,46.06,49.27,53.64,51.35,5737.2,2898.9,595.0,3994.4,2024.9,7.53,0
8.64,2106.9,8258.1,14771.8,336.3,387.0,199.4,31.4,1147.3,14.0,6.78,67,1,3.4,95.2,44.4,71.17,75.18,79.46,85.47,80.74,111.6,49.5,235.7,6729.1,405.8,7.8,0
8.65,1743.0,4440.9,5208.1,1261.2,714.4,292.4,25.8,489.6,18.0,8.15,75,0,1.8,146.4,30.6,84.77,88.2,87.88,96.31,96.39,108.8,34.5,59.3,2521.6,63.0,8.01,0
10.05,1905.4,3242.1,13439.6,1678.5,3457.1,1530.9,20.5,5355.1,18.5,2.87,23,1,2.1,53.2,39.8,35.89,37.81,40.96,44.64,46.18,2216.5,952.2,3161.8,2261.0,1025.5,9.5,0
9.54,6756.3,3840.6,7282.6,371.6,12395.1,4686.2,28.4,1644.4,17.4,5.21,29,0,1.9,90.7,40.9,49.93,52.12,57.16,59.51,56.73,6206.3,2243.7,704.5,2274.8,2923.1,8.93,0
9.76,2441.1,3352.5,3907.0,925.8,670.2,363.9,32.5,4898.8,9.6,1.98,65,0,2.8,19.1,33.3,39.27,39.64,44.18,47.53,49.07,407.0,219.6,2734.8,2764.0,1243.1,8.58,0
8.81,1152.0,7576.5,9961.1,988.7,1613.5,651.5,31.9,588.1,11.3,2.9,18,0,2.5,32.9,35.5,30.0,30.0,40.0,44.19,45.0,1129.5,456.1,352.9,6019.7,633.6,8.05,0
10.89,5403.3,3192.0,8461.7,1496.7,768.0,322.1,32.6,577.3,13.2,7.76,89,1,3.9,102.5,25.8,81.58,86.45,91.15,86.58,89.92,141.5,43.7,51.1,1915.7,544.5,9.5,0
9.89,5725.3,9432.4,9496.9,1309.3,4941.1,1294.3,20.3,313.2,15.9,3.79,84,0,3.3,60.4,30.6,71.79,73.1,80.33,86.69,77.85,1394.1,348.2,61.6,5856.5,1268.3,9.12,0
10.81,7353.8,6556.8,13755.0,398.0,406.3,137.9,26.5,792.4,13.2,9.54,75,0,1.8,126.2,37.2,92.0,92.78,95.0,97.0,98.0,32.5,10.0,39.6,3917.6,147.1,9.5,0
10.45,2811.0,9095.5,10280.8,246.4,300.3,78.2,22.9,1109.8,11.1,7.38,50,1,2.6,82.1,29.5,60.35,60.84,64.06,71.72,72.34,119.1,30.6,398.9,7128.7,777.5,9.5,0
7.75,8279.2,1526.9,14919.1,1857.3,1326.8,607.0,30.7,736.5,11.9,4.78,16,1,2.1,56.9,11.6,41.3,40.49,46.5,47.02,51.04,778.8,361.2,394.0,1236.6,4053.2,7.11,0
10.87,2966.5,7947.8,10902.5,1800.4,1286.7,453.6,33.4,390.9,19.3,1.64,50,0,1.1,31.7,10.3,41.35,39.55,51.12,46.99,53.01,754.7,274.2,191.1,5424.0,1393.9,9.29,0
9.85,1155.9,6637.4,9551.1,688.2,1299.9,677.2,34.4,1070.1,16.3,7.92,62,0,4.5,129.4,21.3,67.57,69.53,72.82,80.09,74.34,421.6,206.4,290.9,4749.1,296.6,9.5,0
8.12,830.0,4302.9,6005.6,1673.7,14281.8,7675.6,33.8,3841.8,19.8,8.68,57,0,3.6,172.2,32.6,81.36,84.63,85.42,89.87,88.52,2661.6,1179.4,560.3,3406.4,95.3,8.05,0
10.65,4851.9,6517.2,7421.4,229.9,377.1,102.8,21.1,2586.4,9.7,5.3,23,0,3.3,51.3,10.8,51.29,53.26,59.74,61.02,61.72,183.7,48.0,1041.2,3938.5,1857.1,9.0,0
10.89,8241.1,5174.5,14357.5,289.3,20258.0,5848.9,24.6,268.6,14.7,3.18,54,0,4.4,46.8,25.3,55.15,55.0,61.02,68.55,61.48,9086.3,2632.3,104.7,3142.0,3174.2,9.5,0
8.11,6602.1,7564.1,5350.0,464.5,9794.9,4158.1,20.3,1518.6,15.1,2.21,87,0,1.6,33.3,19.5,62.12,65.71,68.95,67.68,70.4,3710.6,1425.9,471.6,4469.7,1954.6,7.35,0
8.53,1241.4,3626.1,8986.7,1202.2,1752.5,671.9,22.0,462.1,11.8,7.87,55,1,3.8,93.2,27.8,65.99,67.29,74.4,80.62,72.91,596.0,219.7,118.3,2862.0,336.4,7.76,0
9.58,6963.1,8368.0,5904.3,689.6,2100.0,1109.5,27.9,5235.1,13.0,3.25,55,0,2.1,42.1,18.8,48.61,48.1,56.18,57.76,57.13,1079.2,575.8,2293.8,6571.3,2985.1,9.08,0
7.6,4295.5,3631.5,13340.3,815.8,5371.1,2917.8,30.8,2222.4,18.6,6.14,27,1,4.4,114.1,46.6,49.07,49.42,57.07,57.39,54.19,2735.5,1475.7,954.0,2716.5,1967.8,7.86,0
10.89,1103.7,825.4,6243.0,1158.5,15894.3,8652.5,31.1,3978.7,18.2,1.71,84,0,4.2,31.2,34.3,36.51,34.08,46.42,43.06,45.01,10091.7,5703.6,2132.0,685.1,606.9,9.5,0
9.72,2708.1,1382.7,3602.7,1446.2,3089.2,1042.8,34.1,384.5,14.5,4.5,49,0,2.9,65.1,42.5,60.88,58.97,67.6,67.92,67.97,1208.5,427.9,124.5,1081.9,867.5,8.85,0
9.49,4313.6,893.7,8893.1,1617.3,20309.9,5227.6,28.7,240.6,8.4,8.14,41,1,3.5,68.1,34.2,65.78,65.25,70.63,75.12,73.95,6949.8,1816.6,70.7,608.5,1123.7,8.29,0
10.38,7470.3,8667.0,8350.0,738.4,1037.9,557.8,28.3,1000.6,13.0,7.97,67,0,4.7,103.5,44.4,69.6,67.95,79.06,77.82,79.89,315.6,178.8,209.5,5907.3,1502.0,9.5,0
8.47,4188.6,3674.5,8468.4,1632.8,1497.5,658.2,29.1,3420.9,15.3,9.25,73,0,1.5,142.0,22.6,74.37,74.47,80.58,81.17,82.75,383.7,168.0,664.4,2125.7,722.6,7.79,0
10.43,9282.8,9357.0,7451.3,870.5,9374.5,2498.2,32.0,1784.4,18.8,5.61,29,0,2.7,105.6,15.2,51.01,48.91,57.28,58.4,56.81,4592.3,1276.3,762.3,7240.7,4009.6,8.72,0
8.8,8103.0,1532.9,14411.1,1039.3,1636.5,855.9,22.4,271.0,11.2,4.45,68,0,4.9,49.7,24.1,71.97,76.76,75.67,85.82,80.72,458.7,198.9,65.9,978.2,1562.1,8.34,0
9.29,7093.1,8528.8,6857.9,676.3,1979.4,806.6,23.9,264.4,9.2,5.12,36,1,3.1,47.1,10.0,60.8,64.13,70.52,75.0,66.41,776.0,289.4,78.0,5417.3,2382.7,8.21,0
7.64,9236.6,3123.2,5359.2,761.7,665.9,297.6,33.2,585.2,11.3,9.14,89,1,2.6,103.4,15.9,83.11,82.3,89.0,92.46,94.97,112.5,52.7,64.4,2624.3,464.9,7.53,0
8.75,7010.8,5719.9,11969.3,701.1,987.1,412.4,21.2,1025.0,9.0,7.57,33,0,3.8,68.3,22.7,53.45,54.01,59.46,59.24,60.61,459.5,189.7,415.5,3166.7,2761.6,8.27,0
9.81,6777.2,5884.0,6118.9,1245.3,1742.8,910.9,31.9,590.1,15.9,8.6,25,1,1.4,137.1,42.9,46.01,49.53,49.29,58.69,54.74,940.9,459.7,299.2,4435.4,3067.5,8.74,0
9.06,1391.5,8403.7,4011.0,846.3,328.6,180.4,34.6,4773.4,9.9,7.51,60,0,4.5,74.3,34.7,81.55,86.21,88.35,91.97,92.74,60.6,24.9,556.2,5616.7,101.0,8.69,0
10.17,6507.9,1607.0,14125.3,751.6,11464.3,5262.2,25.4,4251.5,11.3,8.02,62,0,3.4,90.7,7.6,84.09,85.95,88.55,93.68,94.64,1824.0,739.4,486.8,1004.7,348.6,8.69,0
9.04,6190.4,8843.0,4849.7,1202.4,3493.3,1160.5,20.7,1314.2,13.2,9.74,19,1,1.4,128.7,42.6,56.29,59.64,64.59,64.09,61.86,1527.0,468.4,465.3,6026.6,2360.9,8.19,0
7.94,7625.2,1229.3,6738.8,1516.9,427.8,149.0,26.3,4525.6,17.8,9.42,84,0,1.2,168.0,43.7,90.47,91.94,94.78,96.81,96.74,40.8,12.0,236.5,727.0,248.9,7.57,0
7.82,8680.4,2797.3,4567.3,1080.4,377.0,166.7,24.7,1185.7,14.8,9.28,61,0,3.1,137.5,12.8,75.63,72.9,85.48,87.25,81.1,91.9,45.2,172.2,1625.6,1640.3,7.66,1
9.85,5170.3,9136.2,9270.9,1453.1,2978.7,1063.7,29.5,735.5,19.8,7.26,63,0,1.9,144.0,36.9,78.58,77.01,84.72,86.73,89.49,637.9,244.5,112.4,5920.5,543.3,8.81,0
7.83,8819.6,6035.1,8205.8,1572.1,13611.3,7294.8,30.6,1122.1,12.7,1.43,51,0,4.9,18.1,7.4,41.03,41.67,49.94,52.48,47.05,8026.7,4255.1,561.7,4176.8,4670.1,7.8,0
8.63,1345.1,812.0,14648.1,258.8,1133.7,357.4,21.4,814.0,13.3,4.54,23,0,4.6,60.2,9.5,45.15,44.76,53.49,59.81,54.18,621.8,197.5,378.6,473.3,616.3,7.88,0
9.42,2490.9,6442.7,13072.1,940.1,469.6,140.7,22.5,4402.1,13.1,2.15,36,1,4.9,28.2,10.2,43.14,42.96,49.66,49.96,55.12,267.0,80.3,2216.0,3904.6,1118.0,8.38,0
8.84,7753.9,6608.0,13744.2,1391.1,672.1,190.7,24.1,2917.2,15.5,1.92,26,0,4.5,29.8,5.5,30.0,30.0,40.0,40.0,45.0,470.5,133.5,1750.3,4887.3,4264.7,7.89,0
8.85,2593.7,530.9,12867.6,1917.7,577.8,184.1,29.1,782.0,14.6,7.02,84,0,4.2,102.3,45.1,70.08,68.23,73.58,80.4,80.64,172.9,58.5,206.6,421.2,502.2,7.98,0
9.36,5171.7,7723.3,4111.5,976.3,867.7,351.9,31.7,206.6,14.9,9.32,54,0,1.7,139.0,47.1,67.72,70.17,71.1,79.34,77.89,280.1,105.0,59.7,5178.6,1143.5,9.35,0
8.15,3174.1,4784.2,6372.1,685.1,449.1,208.6,21.0,1465.2,14.9,7.01,70,1,2.4,104.8,30.5,79.15,84.02,83.37,85.84,88.66,93.7,33.3,243.6,3364.5,359.9,7.74,0
8.18,8193.8,8042.1,6868.5,1230.6,628.5,220.1,31.7,6312.6,18.7,7.13,63,1,1.7,133.6,49.1,74.23,76.32,78.42,83.36,83.65,162.0,52.1,1362.6,5827.0,1339.5,7.86,0
9.11,4345.0,6466.8,3111.7,419.8,823.8,380.3,34.1,6266.2,8.6,8.56,75,1,4.5,73.8,13.7,72.38,74.21,80.56,85.84,77.75,227.5,98.1,1217.8,3995.5,966.5,8.27,0
9.67,1694.4,9180.3,11323.4,1144.5,5746.2,1754.2,31.6,4918.9,18.6,1.78,56,0,1.0,33.1,33.0,46.95,48.16,54.71,53.34,52.32,3048.2,909.5,2227.8,7192.2,807.9,8.42,0
7.57,9363.6,8420.7,11259.3,488.7,347.6,104.5,21.2,237.0,13.5,8.47,30,0,4.5,114.2,26.8,63.81,64.74,69.99,69.89,69.53,125.8,36.9,71.1,6261.9,2853.5,7.43,0
8.37,8534.0,1451.0,4311.2,830.9,5034.3,1502.8,24.0,3532.3,19.0,6.24,62,1,1.9,118.4,32.4,75.0,79.41,84.1,88.61,86.21,1258.5,309.4,561.7,917.0,1176.9,7.89,0
7.76,8256.1,1547.3,8706.6,1331.2,5253.2,2253.3,20.8,5536.6,13.8,4.77,64,0,3.0,65.9,36.8,63.76,66.22,70.69,71.14,74.21,1903.6,761.0,1623.0,1127.4,2129.4,7.32,0
9.33,4990.0,7448.1,5233.6,905.8,3460.6,1221.3,25.3,514.2,8.6,9.58,21,1,2.4,82.8,20.9,59.89,60.58,65.57,66.12,69.4,1388.1,481.4,177.0,6009.7,1527.2,8.47,0
10.14,1670.8,3039.7,5281.3,1391.0,514.5,172.3,22.2,1301.6,11.4,9.59,58,0,3.0,109.1,38.6,76.2,81.02,81.5,82.41,84.65,122.4,32.7,240.8,1996.2,256.5,9.25,0
7.79,6365.0,5976.7,7774.0,368.8,408.6,164.0,29.6,4977.9,16.0,9.63,70,0,4.6,154.2,6.4,83.73,81.07,92.31,91.59,92.06,66.5,31.0,382.6,3635.3,505.2,7.74,0
9.5,4818.9,8078.0,5543.9,1454.8,1354.0,565.2,20.3,323.2,10.7,6.33,32,1,4.5,67.7,47.9,57.01,58.38,60.17,66.54,63.84,582.1,235.3,128.7,5306.0,1742.4,8.36,0
7.7,2532.0,4903.5,12510.8,1144.9,351.7,188.6,30.8,495.7,14.0,8.49,73,0,4.0,119.1,28.0,74.29,74.98,82.46,82.79,83.97,90.4,47.2,87.0,3707.3,406.0,7.57,0
9.22,7372.4,7796.8,7524.8,482.7,518.5,204.6,31.5,218.0,11.2,7.93,73,0,3.5,88.5,22.5,80.67,80.59,85.04,95.49,91.28,100.2,39.7,32.6,6255.2,643.1,8.64,0
10.04,9454.2,7211.6,12241.9,1815.3,10131.5,3491.9,21.5,1024.0,14.7,0.88,25,0,2.0,13.0,17.1,30.0,30.43,40.0,44.47,45.0,7092.0,2429.4,614.4,4457.6,5199.8,8.93,0
9.58,9268.7,1175.9,10441.0,1207.7,680.2,180.4,27.2,1142.2,19.9,7.2,84,1,4.3,143.5,10.6,79.74,81.28,83.82,86.53,90.47,137.8,33.8,184.9,883.2,883.3,8.56,0
8.77,8724.7,2267.4,13471.6,1564.2,479.5,161.1,27.9,3180.3,17.2,9.32,80,1,3.7,160.3,46.8,73.75,78.2,79.59,82.29,81.45,125.9,35.1,649.0,1657.5,1618.9,7.95,0
10.23,2612.5,5690.7,10376.1,955.3,861.4,373.1,30.9,3238.4,9.0,8.53,87,0,3.6,76.8,14.6,88.19,89.73,94.35,94.93,98.0,101.7,38.3,182.8,3334.2,52.2,9.36,0
8.95,2139.1,6212.0,12680.3,311.3,7255.8,1993.7,27.6,838.2,9.2,4.72,72,1,3.3,43.2,20.4,56.51,61.06,60.6,62.29,64.71,3155.6,776.3,330.2,4616.1,754.9,8.19,0
9.64,7725.7,4686.9,4920.3,1126.9,1721.9,577.3,21.5,6716.5,19.4,5.23,21,0,1.7,101.2,25.5,43.44,43.67,46.53,52.22,54.08,973.9,325.2,3591.6,3329.5,3547.4,8.65,0
10.43,8944.5,1699.6,10915.4,264.8,737.0,190.2,24.6,2016.5,14.4,8.2,73,1,1.3,118.0,27.7,83.74,81.99,90.19,88.83,89.49,119.8,34.3,197.9,1083.7,939.8,8.84,0
7.91,9166.9,2174.9,3599.7,1069.7,390.5,143.1,29.7,706.6,16.1,5.39,47,0,4.2,86.6,37.8,64.84,69.63,70.04,78.78,70.93,137.3,43.4,211.7,1602.6,2665.0,7.27,0
10.27,9057.8,9170.5,14114.3,1411.0,455.7,154.9,26.3,1110.8,18.3,5.93,22,1,1.7,108.8,41.4,48.06,48.48,51.78,54.34,56.79,236.7,79.8,535.6,7416.1,3914.0,9.32,0
7.63,4706.6,4654.0,3231.9,1267.1,3761.7,1510.2,27.3,211.8,16.1,8.55,25,0,1.4,138.0,22.3,63.4,65.17,72.33,69.5,71.68,1376.8,526.0,58.6,2665.9,1333.0,7.37,0
8.2,2936.7,8401.8,14568.3,218.0,5312.5,1538.9,24.3,3742.7,19.6,4.44,25,0,4.2,86.9,48.6,46.62,49.49,50.01,53.3,51.71,2835.7,777.2,1870.9,6232.8,1418.1,7.44,0
8.15,5858.5,6878.7,7109.4,1336.6,706.3,199.6,28.7,1421.9,17.7,1.82,18,1,4.9,32.3,49.6,30.0,30.0,40.0,40.0,45.0,494.4,139.7,853.1,5733.7,3222.2,8.15,0
7.98,5871.6,8067.8,10773.8,1458.1,1099.6,287.9,23.5,1511.8,9.1,1.4,40,1,3.9,12.7,37.6,33.09,33.57,40.0,47.49,45.0,735.7,191.2,907.1,5751.4,3229.4,7.64,0
10.69,6926.8,8214.6,14676.9,1530.3,6800.6,2673.3,27.4,454.7,14.7,0.5,34,0,2.8,7.4,44.2,30.0,30.0,40.0,40.0,45.0,4760.4,1871.3,272.8,6483.5,3809.7,9.5,0
10.4,8599.9,3767.5,10879.0,1698.5,878.7,351.3,20.8,394.5,10.9,8.09,62,0,1.5,88.2,25.6,78.82,81.08,82.85,92.21,85.69,186.1,66.5,67.7,2984.8,1230.9,9.5,0
10.31,3150.2,1020.0,3229.4,1071.2,14776.5,5147.4,22.8,4039.0,8.5,7.45,54,1,1.4,63.1,26.6,69.79,68.65,78.34,78.54,78.84,4463.9,1613.5,875.0,569.4,666.6,9.32,0
8.76,5114.2,2336.3,8569.1,1789.2,14207.1,4054.6,22.9,3477.3,14.8,2.3,68,1,3.7,34.1,24.3,55.63,53.56,64.37,61.85,62.25,6303.3,1882.8,1238.9,1293.7,1930.6,7.65,0
10.2,6943.8,1228.3,4567.8,1718.0,1856.9,799.0,28.7,1257.5,11.6,6.29,22,0,1.8,73.1,17.7,52.62,50.83,56.09,66.9,63.32,879.8,392.9,552.2,787.4,2547.3,8.66,0
9.41,5019.8,7538.3,3691.8,1766.9,11130.5,5332.1,29.4,250.7,10.0,8.77,48,0,4.0,87.3,48.8,71.08,70.65,78.48,78.43,82.37,3218.8,1564.9,54.0,4464.2,885.0,7.83,0
10.35,5371.7,6763.1,7998.8,1726.6,308.4,159.7,33.6,1969.9,12.3,9.74,53,1,2.3,119.4,46.2,73.18,74.6,80.29,79.61,79.94,82.7,40.6,388.2,5440.4,1077.6,8.69,0
9.31,4259.9,5405.2,11133.8,1278.7,1554.8,541.6,26.3,2841.9,12.4,0.71,44,0,4.8,8.8,16.8,30.0,30.91,40.0,40.12,45.0,1088.4,374.2,1705.1,3701.2,2342.9,8.18,0
10.57,4505.3,2871.8,5028.7,809.8,347.5,111.6,24.6,4662.3,13.5,9.13,76,0,3.1,123.6,35.6,80.94,78.57,85.43,91.45,87.48,66.2,23.9,679.4,2164.9,563.9,9.45,0
9.83,9312.5,530.3,5106.3,1365.6,610.9,242.2,32.4,428.0,18.9,9.44,85,0,1.3,177.9,21.7,83.66,83.77,87.11,95.09,92.88,99.8,39.3,55.1,401.4,663.2,8.54,1
10.67,890.7,5842.9,12448.6,493.4,1585.1,518.7,28.9,966.3,19.2,1.67,50,0,2.8,32.1,21.2,37.11,40.61,44.18,43.82,45.0,996.8,308.1,539.4,4179.0,489.9,8.87,0
8.48,4106.9,9429.4,10447.9,1627.0,11862.3,4081.9,29.3,3580.9,17.7,9.67,16,0,1.6,170.9,33.2,61.76,62.93,69.79,74.57,69.91,4535.7,1513.0,1081.7,5879.1,1235.7,8.05,0
9.94,1270.9,6312.4,4230.8,1153.9,504.8,226.5,26.6,5505.4,18.9,1.7,33,1,4.1,32.2,47.7,30.0,34.03,40.0,40.0,45.0,353.4,149.4,3303.2,3594.7,699.0,9.1,0
10.79,2389.2,2868.0,9692.5,1290.1,9911.5,4783.0,23.1,923.7,11.2,9.62,17,1,4.6,107.6,27.8,49.58,51.24,54.9,57.08,55.78,4997.5,2332.1,416.5,2106.1,1056.4,9.35,0
7.8,8317.6,8155.5,7709.5,628.7,12311.3,6693.8,28.9,5169.7,13.4,3.07,40,1,3.8,41.1,10.9,47.57,50.94,57.44,55.67,58.46,6455.0,3283.9,2200.2,4900.4,3455.1,7.77,0
8.3,4326.9,6729.5,12653.2,1607.5,8685.4,2300.6,22.0,253.5,8.8,3.19,27,0,1.3,28.1,20.0,43.99,48.15,53.46,51.18,55.9,4864.5,1192.9,118.0,5112.2,1908.2,8.33,0
7.8,4974.6,1344.7,5464.0,951.8,376.8,126.9,27.0,4540.6,11.6,2.37,49,0,4.7,27.6,29.7,40.81,39.15,48.75,51.26,47.17,223.0,77.2,2327.2,988.2,2628.1,8.13,0
7.82,9474.1,4888.1,11620.0,1945.9,3167.1,963.4,23.8,616.1,10.5,4.11,59,0,1.6,43.3,48.1,73.21,72.25,78.11,82.9,79.05,848.5,267.4,134.9,3107.1,1984.9,7.28,0
9.7,7872.7,6013.2,11465.5,1954.4,5292.3,2820.2,20.6,6123.3,15.2,2.89,70,0,3.2,44.0,47.4,62.07,59.21,65.84,73.8,68.53,2007.2,1150.3,2091.6,3715.8,2477.3,8.18,0
8.25,4725.2,6592.4,13466.9,370.9,578.4,261.8,25.3,6373.0,8.0,7.25,65,0,2.0,58.2,32.4,75.3,79.05,83.68,82.3,81.5,142.9,54.9,1040.4,3728.4,874.3,7.72,0
9.44,9380.0,4561.2,5456.2,883.6,1371.9,479.9,28.2,394.6,19.6,6.68,56,1,1.2,130.7,30.8,62.62,60.06,69.81,68.85,70.3,512.8,191.7,119.1,2544.8,2785.8,8.41,0
10.62,7372.5,9353.1,11252.7,1648.1,551.4,263.6,21.4,6537.2,13.3,2.13,48,1,1.4,28.4,13.1,30.81,35.19,40.0,44.15,45.0,381.5,170.8,3922.3,5900.0,4054.8,9.45,0
10.41,1622.0,5296.6,8827.1,522.7,5800.4,1473.1,32.3,4203.7,11.2,6.55,78,1,4.7,73.4,34.0,71.04,68.55,79.44,78.95,77.47,1679.9,463.3,864.3,2978.7,365.4,8.99,0
10.17,922.7,4890.7,6594.8,889.0,11157.8,4914.1,26.5,241.4,19.3,4.16,79,1,1.9,80.4,42.3,66.03,70.43,75.45,75.85,75.74,3790.2,1453.3,59.3,3114.7,223.8,8.97,0
9.96,4956.3,7925.4,9533.8,839.6,13872.1,3799.8,23.2,202.7,12.2,5.12,39,0,2.7,62.5,28.9,62.26,66.4,65.8,75.46,70.99,5235.4,1276.6,69.3,6563.1,1437.7,9.04,0
10.51,5374.7,9470.3,14489.4,1132.4,16689.6,5308.8,21.5,3896.8,16.9,9.37,27,1,4.4,157.9,6.0,51.71,54.71,56.62,62.24,59.68,8059.1,2404.3,1690.5,7372.6,2167.3,9.37,0
8.59,1268.1,1649.4,6112.0,1100.2,1220.5,652.1,20.4,6265.4,16.0,7.22,85,0,1.9,115.7,27.1,80.5,84.18,84.07,90.8,92.14,238.0,103.1,998.3,921.6,99.7,7.51,0
10.03,6766.6,6408.3,10996.6,900.6,1147.5,417.6,28.9,665.2,18.8,5.71,69,0,3.3,107.1,42.9,73.15,71.81,79.72,87.87,80.75,308.1,117.7,134.9,5300.2,1302.4,8.84,0
9.08,1149.8,2186.7,14426.7,1557.0,424.3,221.8,29.6,1174.6,16.0,4.97,38,1,3.3,79.5,24.5,49.38,53.7,53.4,60.85,59.45,214.8,102.7,547.4,1806.2,466.3,8.05,0
10.84,7616.5,4388.7,4264.4,1149.8,1613.1,689.6,22.2,3366.9,8.9,6.93,39,0,1.9,61.7,49.8,66.39,71.07,74.94,73.89,76.8,542.2,199.5,843.8,3509.5,1766.9,9.5,0
7.99,2624.5,2842.6,5151.1,586.5,3452.7,1007.6,30.5,5795.8,14.6,8.55,86,1,4.1,124.7,7.0,81.81,84.21,89.39,95.12,88.59,628.2,159.1,614.9,2044.0,299.5,7.49,0
10.79,8346.6,6225.6,11492.7,348.1,3402.5,1334.6,31.5,6980.3,14.3,0.99,64,0,1.4,14.2,7.9,36.48,34.83,42.87,49.39,45.0,2161.3,869.8,3987.6,4974.2,4590.6,9.5,0
10.83,7584.3,7198.1,5681.9,924.2,1412.4,669.3,25.8,4599.8,17.7,9.23,62,1,4.7,163.5,45.0,74.43,77.43,80.52,89.29,79.53,361.2,151.0,896.3,5264.4,1552.4,9.5,0
9.5,592.2,6450.8,14356.6,1788.1,491.3,268.8,34.4,3736.4,9.1,7.56,84,1,2.5,68.7,23.3,80.17,82.48,88.57,86.49,86.75,97.4,47.1,427.2,5477.7,78.5,8.97,0
9.27,1655.5,4374.8,14433.8,1554.4,387.5,104.5,31.3,1204.2,11.3,1.84,70,1,4.3,20.7,44.7,43.31,40.61,48.14,51.08,55.2,219.7,62.1,624.5,3204.5,741.7,8.64,0
10.08,5457.7,1336.9,6635.0,465.1,17019.5,7371.3,30.8,275.1,15.4,8.34,87,0,2.0,128.0,44.6,73.09,72.57,80.63,81.28,80.56,4580.2,2022.0,53.3,1069.7,1060.8,9.5,0
10.71,6820.0,2838.2,3947.4,930.5,429.5,177.0,21.0,419.8,12.2,9.14,88,0,2.6,111.3,39.8,82.79,80.03,88.16,92.0,94.57,73.9,35.3,49.7,2029.2,370.3,9.5,0
8.1,8275.7,5434.0,8682.5,477.5,346.6,114.0,31.0,5534.7,10.2,8.1,80,0,2.2,82.8,11.1,77.87,80.16,86.27,91.79,88.14,76.7,22.6,760.2,4086.2,981.6,7.95,0
9.26,6875.3,1297.4,7658.0,1646.8,8402.8,2881.4,22.2,555.6,19.3,8.39,56,0,3.3,162.2,29.3,76.68,77.71,82.24,87.36,82.97,1959.4,642.3,98.7,786.3,1171.0,8.66,0
9.41,7191.6,3954.5,8372.1,953.5,2772.4,1082.8,31.6,551.3,16.6,4.81,43,0,4.5,80.0,13.2,59.01,63.38,64.91,66.82,66.94,1136.3,396.5,193.5,3175.5,2377.2,9.03,0
9.34,4091.0,6456.6,3468.0,203.6,13482.1,6685.6,23.6,5182.0,16.6,6.37,42,0,2.0,105.6,27.4,72.04,75.52,80.49,84.82,78.94,3769.7,1636.3,1011.1,4465.0,861.5,8.37,0
10.36,6695.6,6230.0,3861.3,638.1,517.5,242.4,24.0,1066.2,9.1,2.79,43,1,4.4,25.5,48.7,49.03,47.93,55.03,57.81,54.31,263.8,126.2,479.5,4913.4,3059.1,9.38,0
9.27,699.1,8656.3,14324.4,533.5,852.6,377.5,33.1,436.3,15.0,6.04,60,1,1.6,90.4,28.7,65.98,70.61,70.35,80.72,73.57,290.0,111.0,129.4,5321.5,184.8,8.07,0
9.16,4825.3,4984.3,14553.2,1413.2,1528.2,695.2,23.6,466.3,12.9,4.89,51,0,2.4,62.9,8.0,63.1,62.84,68.85,69.94,72.72,563.9,258.3,145.3,3337.1,1316.3,8.61,0
7.86,6730.5,6452.3,3562.2,1744.4,3610.3,1743.9,25.1,316.5,16.0,1.71,38,0,4.2,27.4,41.8,30.0,33.12,40.0,40.0,45.0,2527.2,1166.4,189.9,3834.5,3701.8,8.2,0
9.82,1620.9,5567.2,12893.5,1773.0,1299.6,628.2,33.9,1271.6,13.6,9.53,67,0,4.3,130.0,14.0,82.74,87.73,90.18,91.63,91.99,224.3,77.1,124.9,3289.1,129.9,8.63,0
9.66,8407.7,5155.4,12375.9,478.9,1344.7,691.1,25.1,6866.0,8.6,7.65,46,0,2.7,65.5,48.3,66.82,65.71,74.12,76.72,72.86,446.2,237.0,1777.3,2851.9,2281.8,8.51,0
10.87,5332.8,3814.8,7460.9,1670.6,12354.6,5686.3,26.3,3740.7,9.4,6.25,50,1,1.2,58.5,7.2,66.71,66.42,70.5,79.6,75.12,4113.1,1909.7,1103.4,2898.3,1326.6,9.5,0
10.7,3368.8,4454.6,12381.9,580.9,7455.6,2293.4,21.4,1160.7,9.6,0.73,88,0,2.9,7.0,29.8,32.13,33.29,40.0,43.22,45.0,5059.8,1529.8,696.4,3216.9,1852.8,9.5,0
9.27,3203.4,2571.7,4458.9,831.8,1069.4,421.4,24.1,445.1,16.7,8.49,60,1,4.5,142.0,33.3,75.32,74.53,82.23,89.84,80.85,263.9,107.3,79.1,1733.0,613.6,8.82,0
9.87,6473.0,4635.0,7861.2,593.7,636.1,249.7,29.5,1475.6,16.1,8.25,24,1,3.1,132.8,15.6,53.53,52.87,57.23,60.88,58.59,295.6,117.7,631.1,3910.8,2680.5,8.64,0
9.44,4413.4,6025.4,11191.4,1203.2,3503.5,1506.8,32.3,238.2,19.7,9.39,86,1,4.5,185.1,47.5,85.93,85.52,95.0,97.0,95.21,493.1,218.2,11.9,4694.3,211.2,9.23,0
10.62,5280.3,1498.9,6033.9,982.9,825.4,342.9,25.3,3056.7,13.7,7.39,74,1,4.4,101.3,17.4,68.74,67.49,76.32,76.15,80.32,258.0,111.5,724.0,923.6,1039.0,9.46,0
8.68,5231.2,4334.8,3171.8,551.0,4429.8,1698.6,28.1,206.6,14.2,4.05,65,1,2.8,57.6,16.9,53.62,51.06,61.48,60.79,61.09,2054.4,831.3,79.6,2658.5,2035.7,7.58,0
9.36,9221.9,547.1,14712.2,1644.8,16244.9,6876.2,28.1,2831.2,18.0,2.96,74,1,4.3,53.3,14.5,49.0,47.71,55.18,61.48,60.6,8284.3,3595.5,1268.9,423.3,3633.7,8.53,0
10.35,5993.0,1035.7,12875.8,526.1,399.8,116.0,30.8,1029.5,17.2,7.56,85,0,4.4,130.3,43.4,78.79,77.87,82.73,92.51,84.84,84.8,25.7,177.8,826.3,908.8,9.33,0
8.11,5603.1,1438.0,11479.6,911.5,1402.4,639.7,25.3,732.3,18.1,9.5,50,0,4.6,171.6,43.6,62.17,63.43,70.8,76.73,71.96,530.6,234.0,213.8,867.4,1571.2,8.57,0
8.05,2890.4,4023.7,13164.7,327.9,1679.4,801.7,24.3,454.3,17.4,8.65,85,0,3.8,150.9,30.7,82.79,81.14,86.5,89.42,93.86,289.1,151.2,61.3,2780.0,177.5,7.42,0
8.75,743.9,2061.7,4497.8,800.5,7856.5,2818.5,30.7,1307.9,17.1,4.01,43,1,1.2,68.6,45.8,45.44,49.93,53.28,54.15,53.95,4286.6,1411.4,611.0,1548.0,342.6,8.64,0
8.83,1935.9,5046.9,11551.5,1702.2,3483.0,1162.3,21.7,237.6,19.2,4.53,81,0,3.7,86.9,38.7,73.66,72.91,78.93,81.45,82.82,917.4,314.8,50.1,3230.0,332.7,7.53,0
9.72,7676.8,4461.8,9939.6,348.9,8970.2,3988.2,25.1,2237.3,17.4,8.21,42,0,3.0,142.4,16.1,69.43,69.84,78.45,75.29,81.32,2742.5,1203.0,482.1,3607.3,1433.9,8.53,0
10.6,9052.1,1141.3,6411.3,648.2,1970.4,974.8,34.5,5281.3,16.2,5.98,23,1,1.8,97.1,7.9,62.97,63.39,67.19,68.15,74.76,729.6,356.9,1732.7,710.0,2285.2,9.26,0
10.98,1864.1,8575.0,3330.6,1394.8,1012.1,509.4,27.1,1631.1,18.3,7.34,71,1,1.9,134.4,35.3,76.17,78.19,83.83,91.15,85.06,241.2,111.1,263.8,5303.5,278.4,9.5,0
9.32,9388.8,4947.9,7431.4,924.3,5143.6,1980.2,29.4,4609.6,11.6,4.19,64,1,2.2,48.7,41.5,59.15,60.65,64.12,71.78,65.55,2101.0,779.3,1653.8,2950.2,3234.6,8.61,0
8.42,7116.4,6779.5,7204.9,1882.1,396.8,123.4,23.5,1013.5,13.1,7.84,76,1,1.6,102.3,48.3,83.72,84.95,90.9,89.24,93.4,64.6,18.6,92.2,3833.7,469.6,8.08,0
7.95,9228.4,7596.0,11621.4,413.7,5205.8,2193.5,22.0,350.0,8.3,5.37,50,1,4.2,44.6,49.6,68.63,66.82,78.43,78.64,78.34,1633.0,727.8,75.5,5729.6,1999.2,7.33,0
10.14,792.7,6870.5,6012.0,974.0,8946.4,4556.5,27.6,986.5,10.4,8.66,49,0,3.7,90.1,45.1,66.39,67.87,71.93,73.96,75.26,3006.8,1463.8,276.9,5077.1,196.1,8.75,0
7.99,541.7,1041.3,3280.2,490.5,833.5,280.6,33.7,1045.8,10.9,8.5,89,0,1.1,92.9,25.6,85.05,87.47,92.2,97.0,96.26,124.7,35.2,81.6,579.0,20.2,7.88,0
9.51,4872.8,7914.1,11792.8,1982.6,762.7,311.7,21.2,859.3,19.3,8.72,21,1,3.8,168.2,22.3,49.99,51.51,54.78,60.1,55.95,381.5,151.1,388.5,5472.4,2146.5,8.16,0
7.94,2691.3,4296.5,5980.5,1408.0,1906.4,541.8,29.7,2346.4,9.4,8.89,55,1,1.0,83.3,21.4,76.93,77.08,81.72,88.8,84.5,439.7,124.2,428.9,2800.8,417.1,7.64,0
8.53,8372.3,3073.2,5506.6,1018.6,1493.7,462.0,22.4,274.2,14.4,9.25,76,1,3.8,133.6,40.6,87.13,89.83,93.38,93.77,98.0,192.3,47.0,18.2,1690.7,167.4,8.05,0
8.8,6133.0,6016.5,10729.8,1992.1,2066.0,929.7,20.3,4814.8,15.7,4.41,34,1,2.3,69.4,36.5,57.59,57.79,65.11,69.46,62.87,876.3,392.4,1679.7,4150.2,2277.4,8.57,0
10.24,2128.8,1126.8,4956.4,1824.3,5276.7,1868.4,29.4,1698.5,16.5,4.18,29,0,4.4,69.1,10.1,43.08,42.99,52.66,54.01,50.62,3003.7,1065.2,804.1,826.0,1051.2,9.4,0
10.33,4270.3,2611.8,7673.8,621.6,19991.9,5522.5,20.9,1475.8,13.7,1.44,18,1,2.4,19.7,49.8,30.0,30.0,40.0,43.33,45.0,13994.4,3865.7,885.5,2019.3,2348.7,9.5,0
9.68,6547.0,9280.5,13525.1,530.2,808.4,315.9,27.4,1111.8,8.6,1.85,48,1,3.2,16.0,32.0,34.87,33.94,44.69,46.43,45.0,526.6,208.7,614.9,5264.9,3600.9,8.73,0
10.05,7142.3,5431.6,9007.5,1387.1,3318.8,1575.8,24.7,5968.8,18.5,7.94,79,0,4.3,146.9,13.3,86.38,87.23,91.31,97.0,91.63,452.0,201.2,518.9,3116.4,597.7,9.3,0
7.91,2481.6,5931.4,14493.5,738.9,4626.8,1179.0,34.8,680.9,14.0,4.6,35,1,3.8,64.4,30.8,51.33,50.67,59.04,58.68,62.29,2251.9,581.6,278.9,4896.1,936.0,7.75,0
8.51,5164.7,5499.5,14405.1,421.8,403.2,138.3,34.6,1381.5,20.0,7.08,90,0,2.8,141.4,38.4,73.09,73.06,81.83,87.07,81.81,108.5,37.2,251.1,3914.8,939.4,8.32,0
9.35,4824.6,8416.2,12364.4,1295.0,5151.1,2016.6,24.6,4194.1,14.2,8.8,69,0,3.9,125.0,21.8,81.77,86.02,86.56,92.3,88.12,939.1,281.9,563.6,5613.7,573.3,8.91,0
10.64,7146.0,3960.6,10320.1,527.2,12574.1,4323.6,33.9,930.6,8.4,1.79,67,1,1.9,15.0,29.8,41.39,39.3,45.84,50.3,49.67,7369.6,2624.2,504.0,2988.9,3596.9,9.5,0
7.77,3917.2,6351.8,13717.1,1035.6,3479.6,1440.5,33.6,2269.3,8.4,7.82,89,1,1.7,65.5,42.7,76.65,76.1,81.32,82.48,82.72,812.5,344.3,423.9,4145.9,677.1,7.11,0
10.95,6361.1,5917.3,4104.8,1301.3,3909.7,1260.9,32.8,1271.5,10.4,4.41,16,0,1.2,45.8,35.2,45.11,42.63,54.08,58.11,51.51,2146.1,723.4,583.9,3271.3,3084.5,8.63,0
8.49,5371.4,8077.4,5510.2,1086.6,2571.5,1347.4,28.6,243.0,16.5,4.52,15,0,4.1,74.5,29.5,30.0,30.0,40.0,43.09,45.0,1800.0,943.2,145.8,6101.1,2954.3,7.67,0
8.79,9186.1,4718.9,7487.1,352.4,5451.0,2305.6,29.4,1155.5,18.3,6.24,73,1,3.6,114.1,19.2,74.56,76.95,77.6,82.94,85.06,1386.9,531.4,258.8,3925.0,1372.0,8.18,0
7.81,7127.6,878.2,10498.5,1970.4,1446.2,469.0,29.8,3054.7,11.8,1.97,38,1,4.6,23.2,7.3,45.69,49.87,51.96,52.86,52.64,785.4,235.1,1467.6,675.6,3375.3,7.3,0
10.16,7972.0,4088.0,12141.6,900.9,2291.1,991.9,30.3,861.7,9.3,6.07,89,1,2.5,56.3,38.1,71.15,73.44,75.57,83.62,80.73,661.0,263.4,210.5,3356.2,1536.6,8.6,0
9.45,4833.7,4862.3,5884.8,916.2,3501.5,1890.8,34.3,5486.7,9.8,1.59,63,0,4.8,15.6,38.8,40.79,44.69,44.33,48.88,51.92,2073.3,1045.9,3054.3,3806.3,2324.1,8.47,0
9.55,8320.1,6522.8,6222.4,1303.0,2261.6,710.3,25.1,5455.2,17.5,2.66,26,1,4.4,46.6,34.6,33.02,31.4,40.0,41.5,45.0,1514.7,487.2,3273.1,3974.5,4576.1,8.72,0
7.81,9309.8,5279.8,4830.8,1554.9,1127.2,608.7,27.4,3546.9,8.3,7.55,69,0,4.5,63.0,34.8,75.76,77.44,81.43,83.07,87.47,273.2,137.3,658.8,3475.0,1166.9,7.01,0
10.94,2494.3,4031.1,12630.3,650.5,448.5,232.1,28.7,1306.1,16.6,7.43,81,0,2.0,123.5,31.7,79.62,84.41,84.81,85.59,89.19,91.4,36.2,198.3,2344.8,269.5,9.34,0
10.97,1106.2,7389.6,11540.7,1912.6,659.1,230.5,20.2,3769.3,10.3,6.26,83,1,4.5,64.5,44.4,64.41,65.94,71.73,77.47,72.15,234.6,78.5,1065.6,5722.3,308.1,9.15,0
10.74,5133.4,6285.9,3137.0,1219.9,731.2,257.8,22.6,3796.7,17.6,2.14,46,1,4.6,37.8,35.2,37.47,38.53,41.56,47.45,45.0,457.2,158.5,2218.8,5046.9,2823.3,9.23,0
10.53,1070.9,7684.5,13948.3,1463.5,418.5,126.9,20.7,3401.4,14.7,7.28,81,1,1.5,107.2,36.1,72.56,76.19,77.15,78.34,77.96,114.8,30.2,777.4,5404.9,236.1,8.83,0
7.82,4391.0,8931.4,10612.4,592.8,3828.2,1150.0,32.8,6410.2,9.9,2.67,55,1,3.4,26.4,25.9,50.16,54.79,59.15,57.95,60.46,1908.0,520.0,2618.7,6290.2,1736.0,8.09,0
9.92,9389.0,7379.4,3045.8,434.1,3610.7,1668.1,34.8,3025.8,13.4,7.73,43,1,2.3,103.2,37.1,57.41,55.8,62.78,63.62,68.69,1537.7,737.3,1126.1,5430.5,2939.4,8.91,0
7.56,8931.5,7565.1,13873.3,1271.5,19900.0,10335.8,30.8,204.2,15.6,8.12,60,1,1.6,126.7,17.8,68.1,66.5,72.19,77.32,78.94,6347.6,3462.8,56.8,4327.5,1881.2,7.4,0
10.42,3701.1,3422.1,6543.5,1345.5,1564.4,492.5,31.1,709.6,12.5,3.95,65,1,1.5,49.3,38.4,59.26,62.65,66.39,64.47,70.12,637.3,183.9,238.5,2573.6,1106.0,8.96,0
9.76,1088.2,8852.8,14409.3,1870.7,5923.5,2773.9,29.1,271.0,11.4,6.48,70,0,4.3,73.5,32.6,77.68,78.42,81.55,84.7,87.86,1322.1,598.5,50.0,6994.1,132.1,8.26,0
9.35,2717.6,1099.9,5903.2,270.2,5708.9,2679.6,35.0,394.5,11.4,5.44,76,0,1.7,62.2,17.0,75.49,76.34,81.63,82.77,86.13,1399.5,634.1,72.5,649.1,377.0,8.19,0
9.45,3798.2,2991.3,11161.3,1881.7,1593.9,870.6,28.5,213.5,17.9,6.06,62,1,2.2,108.3,38.6,70.73,72.81,80.61,78.7,81.4,466.5,236.8,41.4,2033.3,706.6,8.82,0
8.97,2897.6,1724.3,4475.8,456.1,805.4,416.2,24.6,1231.8,13.9,8.06,85,0,2.0,112.3,13.2,83.4,80.41,87.07,90.56,92.37,133.7,81.5,159.3,956.5,221.1,8.41,0
8.89,2903.3,7597.5,10469.0,1756.4,3647.9,1356.7,34.5,1090.7,10.0,9.7,70,0,4.6,97.0,8.4,72.84,70.33,78.25,85.75,81.0,990.8,402.6,237.3,6100.3,551.7,8.02,0
8.55,1461.9,1139.1,14049.2,1816.3,479.9,213.5,29.7,320.4,15.7,4.48,41,1,4.1,70.3,33.2,50.8,50.85,55.54,56.72,61.18,236.1,104.9,142.5,726.5,567.5,7.83,0
10.67,1626.7,9011.3,14018.9,507.3,9138.7,2512.8,25.9,3216.6,17.7,4.69,38,1,4.6,83.3,35.0,57.1,58.45,65.05,70.92,67.64,3920.9,1044.1,1124.3,5144.1,526.4,9.13,0
9.58,6733.6,1072.8,8072.7,1948.1,5340.6,1892.4,22.5,2675.8,18.0,4.68,88,0,4.6,84.2,23.4,76.01,73.19,80.54,90.66,85.74,1281.0,507.4,520.8,765.2,959.9,9.19,0
9.9,1751.5,3458.3,11770.7,1201.4,515.6,225.0,33.6,3868.6,12.6,7.32,90,1,2.8,92.5,46.0,74.14,78.55,81.79,81.06,83.72,133.3,48.3,704.3,2132.1,285.1,8.78,0
8.35,3948.2,7713.8,14461.4,338.5,316.9,150.4,25.7,2523.3,17.1,2.22,39,0,2.7,38.1,41.7,45.54,45.89,54.56,58.35,56.31,172.6,81.4,1146.5,5895.6,1724.8,8.07,0
8.48,3655.6,6411.0,7912.9,897.2,1354.6,359.0,23.1,714.7,11.7,5.38,77,0,4.7,63.2,31.1,66.48,70.76,76.19,71.85,74.78,454.0,105.0,170.1,4255.3,921.8,8.34,0
8.1,2738.4,8281.1,6717.5,385.9,804.6,311.7,32.6,5111.7,10.0,3.8,50,0,3.4,37.9,13.3,56.4,58.73,63.42,61.6,63.94,350.8,128.6,1870.0,6300.2,987.4,7.79,0
7.74,9069.9,8583.3,14925.3,604.4,1332.8,434.3,28.7,250.5,9.7,7.28,63,1,4.0,70.9,24.4,77.67,76.8,85.83,92.11,88.79,297.6,100.8,35.5,6502.5,1017.0,7.59,0
8.99,702.2,1060.6,6345.1,1553.1,5309.7,1736.9,29.7,6964.3,10.3,0.5,60,0,4.3,5.2,18.7,30.0,30.0,40.0,41.79,45.0,3716.8,1215.8,4178.6,901.4,386.2,8.53,0
7.99,1897.2,2376.6,7741.7,1053.7,512.3,182.8,30.5,1355.0,10.3,5.07,46,0,3.7,52.2,27.8,60.05,62.17,64.76,70.36,65.54,204.7,69.1,477.5,1882.9,653.8,7.53,0
8.25,6462.9,3378.6,7435.5,962.6,1265.3,519.0,20.1,3045.7,19.8,9.28,79,1,2.0,183.3,48.1,81.92,79.62,89.05,89.68,91.4,228.7,105.8,333.6,2757.4,555.7,8.18,0
8.96,8553.3,2318.1,3017.7,1488.9,2225.2,966.9,25.6,6470.0,12.4,6.69,41,0,3.2,83.0,13.2,63.35,61.81,73.25,77.29,69.23,815.5,369.2,1730.6,1731.1,2631.9,8.3,0
8.43,8998.4,6295.1,7527.8,1706.8,3573.2,1890.4,22.6,3669.7,13.6,3.82,54,1,1.1,52.1,40.5,59.73,60.33,67.82,71.17,67.18,1438.8,749.9,1180.9,3756.7,2953.7,8.29,0
8.76,3691.6,1685.6,11863.2,1707.3,9517.4,5007.7,32.2,343.3,15.4,6.31,17,1,2.2,97.0,26.7,40.38,45.01,47.66,48.29,46.85,5674.4,2753.9,179.7,1289.3,1962.2,8.48,0
9.71,5928.4,8099.2,11485.0,689.5,430.6,134.0,34.0,631.8,13.4,1.7,54,0,3.5,22.9,37.3,41.93,46.1,44.95,48.26,51.03,250.1,72.2,347.8,4881.9,2903.2,8.41,0
8.24,4854.1,6442.3,8264.3,1980.7,1094.9,572.3,21.2,4526.4,18.6,9.59,79,0,2.8,178.6,41.2,79.31,81.83,83.56,87.76,88.92,226.5,104.0,744.3,4760.2,538.0,7.7,0
10.32,4569.8,8354.8,3820.2,1677.3,1084.4,430.9,25.6,710.1,18.9,0.64,55,1,1.5,12.1,38.3,30.0,34.8,40.0,40.24,45.0,759.1,280.9,426.1,6686.6,2513.4,9.06,0
7.89,7770.6,7192.3,14360.8,502.8,366.6,127.9,23.8,1539.2,15.8,1.87,88,0,4.5,29.6,46.5,47.43,52.2,55.01,58.05,56.19,192.7,61.1,692.4,5794.9,3404.5,6.91,0
10.78,4967.3,2792.0,7293.8,359.1,1203.3,301.2,32.3,746.6,15.1,0.88,63,1,3.5,13.3,22.6,30.64,33.04,40.21,40.0,45.0,834.5,201.7,446.4,1705.0,2732.0,8.98,0
9.92,5505.7,8892.9,14860.5,1995.4,380.8,158.3,21.1,1961.3,17.6,8.54,81,1,4.5,149.9,21.0,79.48,80.77,82.59,91.44,87.63,78.1,30.4,341.4,5837.5,681.1,9.35,0
9.07,2486.9,4199.9,12259.5,356.6,2401.9,1038.8,31.3,318.5,13.4,0.96,40,0,4.3,12.8,37.0,30.0,32.39,40.0,41.25,45.0,1681.4,702.3,191.1,2386.0,1367.8,8.52,0
7.61,2371.0,9192.4,12930.2,980.3,4386.0,1104.5,24.4,408.9,9.5,8.25,42,0,4.9,78.8,18.0,71.36,72.84,80.12,80.47,77.39,1256.3,300.0,81.3,6625.1,536.0,7.6,0
9.33,2953.6,6679.3,9531.0,600.8,15519.0,7581.1,27.6,356.0,12.0,4.81,78,1,3.4,58.0,40.0,74.34,76.5,81.98,81.04,81.67,3981.6,1781.7,64.1,4443.4,541.4,8.2,0
8.15,4538.2,2264.9,6037.2,925.8,18946.5,9938.0,26.8,271.3,12.8,2.29,42,1,2.0,29.3,44.2,42.08,43.18,51.13,48.19,47.57,10973.4,5646.4,132.6,1619.2,2379.5,7.1,0
9.71,7960.2,3135.4,7651.8,1256.5,672.3,192.5,28.0,2405.2,16.0,5.49,47,1,2.0,87.8,20.4,61.73,62.86,65.85,73.55,73.42,257.3,71.5,821.4,1979.9,2115.5,8.4,0
7.66,6649.3,6588.2,14312.7,618.5,1513.6,816.0,25.8,354.5,18.1,7.97,73,1,1.7,144.1,24.3,76.65,77.01,83.82,83.57,83.44,353.5,187.6,57.4,4377.2,1100.8,8.37,0
10.12,9066.3,5885.2,10700.8,1067.8,2516.2,811.4,34.8,6620.5,12.0,8.69,78,1,3.1,104.6,21.1,77.56,75.92,87.55,84.48,89.48,564.6,195.4,824.2,4685.7,953.4,9.03,0
8.68,730.8,5114.0,13974.6,1847.1,5019.9,1605.6,27.3,6051.0,11.2,3.57,57,1,1.7,40.1,7.5,55.51,57.08,63.05,66.97,66.96,2233.3,689.1,2236.0,3990.2,241.5,8.01,0
7.65,8564.0,1475.5,6169.8,1148.8,325.6,141.3,27.0,878.7,9.6,8.71,65,1,3.8,83.7,17.7,79.8,76.84,83.6,89.33,89.08,65.8,32.7,144.1,1242.6,935.2,7.51,1
9.09,5536.8,4675.4,5484.9,1591.0,3150.1,956.9,25.7,627.7,15.4,9.31,69,1,4.1,143.2,6.6,80.43,79.04,85.85,91.62,89.22,616.4,200.5,88.8,3082.5,596.8,7.96,0
7.52,6347.8,6925.8,8072.0,1164.8,703.7,250.5,28.2,1364.2,14.0,8.78,83,0,3.6,122.5,22.4,90.23,93.0,95.0,97.0,98.0,68.8,17.5,68.2,4295.8,127.0,7.77,0
9.8,6776.8,2351.2,12467.2,1575.8,1109.1,499.2,32.6,299.1,10.4,8.78,35,1,3.7,90.9,24.3,53.48,57.31,60.85,63.61,60.74,515.9,213.1,117.1,1994.3,2660.5,8.9,0
8.94,5739.5,1930.2,14773.7,515.9,2991.0,1376.6,28.1,588.4,18.1,1.35,16,1,3.2,24.4,17.2,30.0,32.1,40.0,40.0,45.0,2093.7,934.7,353.0,1384.0,3156.7,8.57,0
9.22,8329.3,6047.4,13917.8,920.2,543.1,206.4,34.5,704.6,15.5,9.2,78,1,1.8,142.8,47.5,77.57,75.33,87.27,89.91,87.33,121.8,50.9,89.7,4733.6,1055.2,8.42,0
10.61,2967.9,9331.7,4144.8,1767.2,452.9,233.4,21.9,427.3,13.3,9.87,82,1,4.4,131.1,44.7,88.06,89.54,91.79,97.0,97.36,54.1,24.4,35.1,6004.2,78.3,9.39,0
8.45,1885.1,1840.0,6519.7,312.3,8369.5,4518.5,22.5,4963.0,19.2,5.33,69,1,2.2,102.2,34.6,60.97,64.38,67.22,68.09,69.14,3266.4,1609.6,1627.0,1281.5,581.8,8.07,0
8.02,1361.4,2978.4,5227.8,1827.6,10092.1,2911.6,20.6,1086.7,9.8,1.7,40,0,1.0,16.7,37.9,30.0,30.0,40.0,40.0,45.0,7064.5,2038.1,652.0,1826.2,748.8,7.4,0
9.93,5768.9,4007.1,8002.9,522.3,850.9,396.7,23.5,4255.3,12.6,9.19,89,1,2.7,116.2,30.7,88.08,91.64,95.0,94.8,94.55,101.4,33.2,212.8,3291.0,314.1,8.47,0
8.14,5169.5,6525.4,14568.2,411.6,904.8,479.9,32.6,905.6,15.3,7.84,68,1,1.1,120.2,44.3,76.94,75.66,80.64,91.54,88.77,208.6,116.8,175.3,5169.4,580.5,6.98,0
8.16,6705.2,5210.0,10855.8,622.0,8836.3,2267.0,28.5,782.1,15.1,9.42,57,0,1.6,142.3,19.1,86.46,86.95,91.65,97.0,93.61,1196.7,295.9,65.3,3997.8,428.6,8.25,0
10.75,6042.8,2666.2,7320.6,1369.1,15914.4,6855.0,23.5,861.0,16.5,6.86,17,1,4.9,113.1,29.6,45.06,48.3,51.06,58.83,52.45,8742.9,3544.4,421.4,1704.8,2873.6,9.18,0
7.79,1488.6,2727.0,11821.0,1868.5,562.5,216.1,32.3,264.1,16.1,7.3,80,1,4.9,117.4,38.5,85.36,88.47,91.76,94.74,93.59,82.4,24.9,21.8,1849.1,95.5,8.03,1
7.7,8909.3,1108.5,7375.1,1745.8,1391.0,380.3,33.0,644.4,11.0,7.69,46,1,1.1,84.8,6.5,74.79,74.66,80.17,83.26,83.42,350.7,96.4,127.8,710.8,1477.6,8.02,0
7.79,1013.8,9165.3,7235.5,1305.1,476.7,126.6,25.3,395.1,13.2,1.51,23,0,2.4,19.9,39.8,30.0,30.0,40.0,40.0,45.0,333.7,88.6,237.1,6905.1,557.6,8.26,0
9.44,9467.0,5246.6,9534.0,1102.7,1102.8,376.0,21.2,316.1,17.7,7.98,69,0,1.2,141.4,19.7,78.89,78.69,84.18,91.76,87.65,232.8,80.1,50.0,2984.4,1169.6,7.86,0
9.0,9219.9,1120.6,10468.1,1194.8,416.4,112.1,31.5,608.3,8.1,4.77,87,0,3.6,38.9,49.6,75.13,76.45,82.91,85.01,82.8,103.6,26.4,104.0,751.0,1586.0,8.12,0
8.13,8909.9,6926.3,5970.7,920.4,378.5,160.2,27.6,309.1,16.5,7.66,61,1,1.9,126.7,48.2,65.29,62.65,71.27,77.34,71.7,131.4,59.8,88.8,5290.3,2521.7,7.84,0
10.68,2708.4,2834.6,12666.9,1171.8,1442.8,369.8,27.8,699.4,14.2,9.67,87,0,4.1,136.9,8.2,87.45,89.02,92.46,97.0,93.58,181.1,40.6,52.7,2002.8,173.8,9.5,0
8.99,3859.3,3026.1,14491.0,1156.3,1368.3,650.7,25.8,5327.8,14.0,6.75,18,1,1.3,94.8,34.5,44.13,44.81,54.06,55.16,52.94,764.4,359.1,2447.7,2520.6,1816.2,7.81,0
10.68,4292.8,4455.6,5405.7,596.2,1054.7,556.7,33.7,270.3,8.5,8.11,61,1,3.8,68.8,15.9,79.91,82.49,84.98,90.49,91.81,211.9,97.5,40.6,2706.3,351.4,9.5,0
9.73,8849.8,817.8,3203.4,254.0,3626.6,1268.3,25.6,586.8,9.6,2.54,69,1,5.0,24.3,41.4,47.58,52.09,57.39,54.78,54.04,1901.2,607.6,250.0,668.8,4067.7,9.17,0
10.2,861.0,7954.2,14195.1,1792.3,8927.3,4087.6,34.2,214.8,15.9,1.41,79,1,1.6,22.5,40.2,37.13,39.67,46.01,47.33,45.0,5613.0,2466.1,116.0,5456.2,473.5,9.5,0
8.07,5352.5,960.2,13061.9,416.7,612.0,206.7,20.8,5759.2,10.0,3.2,86,1,3.5,32.1,39.5,56.39,57.4,65.41,62.95,63.49,266.9,88.1,1991.9,539.0,1954.1,7.97,0
7.52,2747.0,2067.0,11483.7,634.7,432.4,131.7,29.4,5586.7,10.1,3.4,52,0,1.1,34.4,35.5,57.51,57.51,63.65,71.44,66.34,183.7,55.9,2031.0,1651.5,924.7,7.33,0
9.39,8454.1,7348.9,4506.6,1995.0,7420.2,3125.9,21.9,769.4,9.5,7.23,39,1,1.5,68.7,21.7,60.36,60.77,67.53,67.58,71.5,2941.4,1226.3,249.9,4153.5,2409.5,8.91,0
10.21,7249.6,3228.2,14597.0,407.7,5604.7,2042.8,30.1,6922.0,19.0,2.17,50,0,2.8,41.1,10.7,46.19,43.94,51.98,57.15,54.15,3015.9,1145.1,3324.2,1993.9,3324.2,9.43,0
7.92,7000.4,2073.5,6429.4,320.6,6787.4,2340.5,23.5,1711.3,16.7,8.7,35,0,1.9,144.9,23.8,70.1,68.37,79.59,80.05,76.69,2029.2,740.3,349.3,1616.6,1631.8,7.53,0
7.75,6067.5,9485.1,14009.8,459.3,2989.0,1353.8,20.7,201.0,15.6,2.37,28,0,2.7,37.0,24.3,41.29,46.15,48.94,55.08,48.69,1754.8,729.0,102.6,5332.1,3113.5,7.45,0
9.29,4899.6,8626.1,12011.3,1682.5,9070.3,4109.4,28.3,1605.1,10.5,0.83,68,1,1.9,8.7,9.4,30.0,30.0,40.0,41.73,45.0,6349.2,2876.6,963.1,6747.8,2694.8,8.6,0
7.91,2920.9,1060.5,13401.2,1117.7,1660.4,516.7,26.1,258.3,8.5,9.64,49,1,3.0,81.6,7.9,81.08,80.26,87.49,90.93,89.75,314.2,102.0,32.3,776.1,299.4,7.56,0
8.52,3501.5,5560.7,12074.6,350.4,5220.8,1895.7,32.3,246.0,9.6,8.11,25,1,4.6,77.7,5.7,47.37,50.48,56.57,61.5,58.33,2747.8,938.8,106.8,3322.9,1459.2,8.2,0
7.75,6206.1,3188.5,9558.9,1801.1,2638.0,1012.3,24.3,922.0,8.1,6.02,36,0,5.0,48.7,36.9,53.04,53.11,58.22,66.8,61.43,1238.8,474.7,385.2,2634.0,2393.5,7.18,0
7.9,3613.4,4633.4,9166.3,1394.3,318.2,80.9,27.7,324.9,10.1,8.13,71,1,4.8,81.7,35.2,87.35,87.51,95.0,97.0,95.56,40.3,10.1,16.2,3264.2,160.5,8.16,0
7.78,2169.7,2758.7,7460.7,573.6,834.0,300.6,33.0,6247.7,8.3,4.43,67,0,2.4,36.7,36.9,67.54,66.74,76.3,76.62,79.43,270.7,100.0,1480.6,1970.8,446.4,7.69,0
9.77,8739.4,6122.0,13112.5,617.6,5610.0,2344.6,33.9,1190.4,9.0,3.3,18,0,3.2,29.8,5.4,32.51,31.05,40.0,43.64,45.0,3786.0,1616.5,714.2,4172.7,4806.7,8.75,0
10.36,6630.1,3821.5,11855.0,488.4,1320.5,677.6,22.8,1853.6,15.0,1.26,73,1,2.9,18.9,45.0,42.4,47.38,49.86,53.47,53.25,760.6,356.6,929.4,2407.7,3099.5,9.5,0
8.07,8338.7,3350.9,3655.6,1792.7,1009.6,414.6,22.7,240.9,8.4,7.47,25,1,2.7,62.5,41.7,48.69,45.86,57.22,55.54,59.65,518.0,224.4,103.1,1974.1,3364.4,7.82,0
9.11,4771.7,8762.7,12994.0,1945.5,13557.1,7031.6,34.2,763.6,9.3,4.38,46,1,1.8,40.6,36.6,56.03,54.9,64.86,64.51,61.95,5960.8,3171.0,268.3,5671.1,1815.4,7.59,0
9.33,5960.2,6591.7,3923.7,1990.5,1174.3,593.0,34.2,4539.2,17.8,9.48,70,0,4.7,168.8,36.2,83.59,83.57,89.31,88.71,93.25,192.6,97.5,485.4,4228.5,402.4,8.77,0
8.99,2461.4,5791.1,13251.3,1799.7,301.3,124.7,27.7,808.8,11.1,9.33,71,0,3.3,103.9,47.8,91.33,93.0,95.0,97.0,98.0,26.1,8.7,40.4,4670.2,49.2,7.91,0
9.84,551.8,910.8,10051.0,596.8,1065.3,498.7,30.7,1118.5,18.7,6.26,75,1,3.9,116.8,48.1,67.27,70.96,74.86,75.31,73.71,348.6,144.8,281.2,508.8,145.1,8.97,0
7.53,6429.1,7471.9,9133.5,1652.0,2290.8,633.3,21.3,302.9,10.6,2.92,41,1,1.8,31.0,15.3,36.51,35.08,40.0,45.59,46.9,1454.3,411.1,181.7,4216.5,3413.8,7.43,0
9.88,8043.0,7982.4,7158.3,1211.9,876.3,382.1,32.0,215.0,13.9,1.37,69,0,4.4,19.0,18.6,39.09,42.0,43.05,47.34,46.99,533.8,221.6,122.4,4467.4,4263.3,8.71,0
7.83,7694.7,1851.5,12870.4,781.4,7368.0,3998.1,24.0,1004.6,15.8,8.8,34,0,3.5,139.0,48.1,67.78,67.08,77.5,78.35,76.66,2374.0,1316.2,226.0,1522.8,1795.8,7.7,0
9.75,1659.8,4189.1,3094.1,1680.3,3910.4,1024.9,34.2,352.9,16.0,1.76,63,0,4.6,28.1,13.9,42.51,43.6,51.74,47.65,47.81,2248.0,578.0,170.3,2708.9,866.3,7.84,0
7.86,9494.7,5963.8,10782.1,390.6,10180.0,3359.8,32.6,318.7,11.8,5.76,76,1,3.4,68.0,6.9,74.24,75.7,82.42,81.11,82.18,2621.9,816.3,56.0,4642.4,1691.7,7.54,0
8.62,5359.9,8966.1,8193.8,868.6,2338.0,1157.3,34.3,555.4,10.0,4.19,30,1,3.0,42.0,6.5,46.64,51.16,52.79,60.16,57.48,1247.6,565.2,262.2,6081.2,2278.9,8.27,0
10.63,5140.4,933.3,8020.0,1655.1,1129.6,312.4,33.7,549.5,13.0,2.6,29,1,4.0,33.8,34.7,40.81,41.34,49.28,49.65,50.91,668.6,183.3,278.7,579.7,2523.2,9.44,0
9.81,4959.4,8556.1,10497.4,1782.5,4405.1,1303.7,33.6,860.1,11.9,1.92,67,0,3.0,22.8,39.8,45.87,49.47,55.37,52.35,51.08,2384.4,658.7,383.9,5735.7,2426.4,9.38,0
9.83,6945.4,5934.2,14192.5,1321.0,6501.7,2974.5,28.1,2175.6,15.2,2.89,42,0,4.0,43.9,38.8,36.18,40.12,41.2,45.27,46.67,4149.4,1781.1,1279.1,3821.2,3704.2,9.17,0
8.62,4897.8,2947.5,9257.5,593.7,20084.2,10905.5,22.4,933.3,11.8,4.82,85,1,4.9,57.1,19.8,68.23,69.62,76.72,79.22,76.48,6381.5,3313.3,217.3,2448.0,1152.1,8.32,0
8.69,3748.8,875.1,4714.5,1821.7,4164.4,1126.6,27.5,2867.7,11.3,4.09,37,1,1.9,46.4,17.8,51.34,48.36,55.82,61.24,60.64,2026.2,581.7,1267.0,619.5,1475.7,7.69,0
8.73,7098.0,4741.6,13278.4,1087.1,800.7,323.9,23.8,577.3,15.9,5.11,36,0,1.2,81.3,34.7,50.79,51.82,56.98,65.39,58.9,394.1,156.1,248.4,2765.4,2917.4,7.86,0
10.66,721.3,2722.8,13894.8,1227.6,2715.9,1479.9,22.6,296.3,10.1,9.35,48,0,2.1,94.6,44.4,73.88,77.81,77.39,81.35,81.3,709.4,328.3,67.0,2058.2,134.8,9.39,0
10.35,5498.3,1960.1,10087.7,470.9,939.9,307.9,25.6,625.2,14.3,9.14,67,0,4.0,131.0,7.4,71.81,70.91,79.4,86.79,78.52,264.9,89.6,128.8,1366.9,1181.0,9.5,0
8.49,6705.7,5157.0,10243.6,838.4,10481.9,3773.5,29.3,3470.5,12.9,5.6,44,0,2.7,72.4,12.0,59.98,61.29,64.46,70.91,65.14,4195.2,1460.6,1233.2,3308.4,2338.0,7.93,0
10.95,7489.4,5551.0,12051.2,1835.2,10225.9,3847.2,21.9,362.1,12.0,2.46,67,0,4.0,29.6,35.0,58.39,57.69,64.26,66.36,68.91,4255.3,1627.6,129.4,4414.4,2328.4,9.28,0
7.92,9359.6,5243.4,6535.4,505.8,4992.0,2688.0,29.8,5384.4,19.3,9.72,28,0,3.5,187.7,49.4,74.79,73.17,78.13,87.9,81.69,1258.7,721.1,1177.5,4385.1,1713.9,7.29,0
9.22,1585.1,7232.7,5003.4,996.1,14408.9,6198.4,26.5,1291.7,10.5,6.11,77,0,2.9,64.3,20.9,67.58,68.8,75.88,78.18,79.38,4670.7,1933.6,311.5,5622.3,326.8,8.22,0
8.29,2434.5,9098.0,8717.2,1391.5,2873.9,1328.3,30.8,4589.4,15.3,3.34,21,1,2.0,50.9,33.4,32.63,37.27,40.0,46.42,45.0,1936.2,833.2,2753.6,5667.1,1339.0,7.53,0
8.73,9355.8,2808.8,8144.4,1626.7,641.9,189.7,30.8,2212.9,18.8,3.43,44,1,1.4,64.6,25.2,44.41,49.26,48.88,54.72,55.17,356.8,96.2,1131.3,1914.0,4194.4,7.72,0
9.03,8681.3,1636.4,9744.9,980.9,766.0,276.8,34.8,724.9,12.5,9.05,75,1,2.7,113.4,9.8,81.66,86.14,87.82,89.5,90.43,140.5,38.3,88.3,1094.7,830.9,8.24,0
10.82,1653.0,936.2,13214.3,1004.4,967.3,304.3,30.0,419.2,16.6,9.94,73,0,4.5,165.4,44.1,80.46,83.98,88.29,90.64,91.61,189.0,48.7,49.1,549.5,138.8,9.5,0
10.63,8058.8,5305.7,12896.9,291.1,2124.3,706.4,34.2,611.7,9.8,2.49,67,0,2.4,24.5,33.6,54.87,56.95,60.59,60.65,64.74,958.7,304.1,241.1,2971.0,2841.5,9.5,0
9.12,544.5,3211.4,14333.4,1040.0,1227.4,668.9,21.8,230.6,19.3,3.13,36,0,4.4,60.5,31.7,43.61,43.3,50.17,49.39,51.16,692.1,379.3,114.9,2545.9,265.9,8.38,0
9.33,3138.3,732.3,9927.3,1367.0,318.0,93.5,26.7,750.2,9.9,1.29,39,0,3.4,12.8,11.3,36.01,33.59,45.13,45.68,45.0,203.5,62.1,411.7,550.1,1726.1,9.5,0
9.4,4018.2,8218.1,6470.2,1650.2,664.3,238.3,28.0,857.9,10.5,8.65,56,0,3.0,91.1,32.1,80.41,82.68,86.74,94.29,90.63,130.2,41.3,113.8,5201.4,376.3,8.69,0
10.95,6858.3,4063.7,3450.9,677.9,1779.9,459.5,33.1,895.9,11.3,3.5,22,1,1.1,39.7,28.4,41.96,40.61,51.75,51.43,49.37,1033.0,272.9,432.3,2977.6,3472.6,9.05,0
9.97,728.5,7610.3,9400.6,1705.0,5450.8,1853.1,34.4,2531.8,13.2,8.42,84,0,4.9,110.8,36.6,92.0,93.0,95.0,97.0,98.0,436.1,129.7,126.6,5539.2,14.6,9.0,0
9.15,2688.5,7383.3,7504.0,566.3,363.2,166.0,29.7,2538.5,18.1,8.9,22,1,1.9,161.2,39.9,59.13,58.76,62.21,70.06,65.8,148.4,68.5,959.3,4386.6,919.4,8.74,0
9.92,8314.4,8696.9,3622.0,295.0,1486.4,606.2,20.8,419.3,8.3,8.84,53,1,4.5,72.9,43.4,76.7,75.87,84.22,82.7,87.33,346.3,146.3,66.2,5066.4,1053.5,8.35,0
8.81,6865.1,2226.8,7087.2,1196.1,3408.1,978.6,24.0,2277.7,12.4,7.34,72,0,2.5,91.3,37.2,82.58,85.46,92.03,96.91,92.49,593.8,142.3,181.5,1406.7,515.7,8.79,0
8.8,3612.9,5992.0,9834.5,1221.9,4658.7,2234.3,26.9,824.7,16.7,9.61,85,0,3.6,160.5,20.4,92.0,93.0,95.0,97.0,98.0,372.7,156.4,41.2,4882.8,72.3,8.4,0
7.76,2678.4,2649.2,8970.5,512.3,1774.6,532.1,24.8,397.0,17.0,1.31,37,1,2.2,22.2,48.7,30.0,30.0,40.0,40.97,45.0,1242.2,372.5,238.2,1781.0,1473.1,7.37,0
10.73,8547.7,6232.1,7712.8,490.5,4452.3,2068.5,32.9,5804.1,9.3,5.03,45,0,1.4,46.5,49.3,64.36,67.4,71.77,74.24,74.18,1586.8,674.4,1638.4,3787.2,2207.2,9.32,0
8.03,1043.2,8441.7,6635.2,669.9,330.2,140.0,30.1,865.2,19.8,8.54,69,0,3.8,169.3,27.7,79.63,77.16,83.68,93.24,87.13,67.3,32.0,141.2,6153.2,134.3,7.17,0
10.14,3576.4,2444.3,8269.8,323.7,371.7,115.9,21.6,5176.9,11.6,5.2,62,0,3.0,60.2,18.8,60.43,64.05,63.57,68.25,68.03,147.1,41.6,1885.7,1687.8,1143.4,9.07,0
8.39,5971.1,1524.5,10073.4,1231.5,9785.2,3204.0,27.9,4593.1,12.7,1.14,37,1,3.6,14.6,40.1,30.0,30.0,40.0,41.57,45.0,6849.6,2242.8,2755.8,1018.4,3284.1,8.2,0
7.88,1756.9,6510.2,6334.2,1026.4,537.6,230.5,25.7,975.6,9.9,3.25,37,0,2.5,32.1,10.4,51.34,50.03,56.44,58.57,59.62,261.6,115.2,425.0,5004.6,709.5,7.54,0
8.79,9239.5,7471.7,13919.3,270.1,9365.1,4362.0,31.0,1368.1,13.0,9.03,38,0,2.0,117.3,24.3,70.83,69.02,77.0,81.4,81.64,2732.2,1351.2,314.7,6249.2,1696.0,8.68,0
9.64,4176.1,4828.8,5738.8,1566.7,19497.1,6335.1,30.1,275.1,14.6,9.08,60,0,1.9,132.3,21.7,73.82,72.55,76.92,85.6,83.02,5104.7,1739.2,63.5,3473.2,709.3,8.81,0
8.6,2132.9,3306.3,9882.3,1206.3,3079.7,883.8,28.5,1080.5,11.3,4.19,74,1,4.9,47.4,20.4,56.36,60.59,60.05,62.65,65.75,1344.1,348.3,431.7,2327.9,730.4,8.2,0
7.72,3921.8,8885.8,6104.5,1719.6,1750.3,600.5,25.7,507.1,8.5,3.0,43,0,1.4,25.5,36.3,50.18,52.46,53.3,61.92,58.76,871.9,285.5,236.8,7345.3,1617.2,7.37,0
10.98,1444.4,8335.2,8716.0,705.9,2343.1,745.7,20.5,938.0,14.9,7.2,40,0,2.7,107.5,10.0,53.75,58.73,62.99,65.71,60.87,1083.7,307.7,347.2,6609.2,565.2,9.5,0
8.28,854.8,688.5,11890.8,848.8,809.8,356.8,24.2,227.6,17.9,5.8,19,1,3.3,103.8,12.9,51.0,51.34,57.81,62.61,62.02,396.8,173.6,96.0,474.5,324.7,7.87,0
8.63,2950.8,8479.4,13009.7,1550.0,321.4,114.3,30.2,487.1,10.8,1.1,63,0,1.1,11.9,21.6,46.34,50.03,55.26,55.33,54.33,172.5,57.1,217.9,6394.9,1347.5,7.67,0
9.0,2596.6,1593.5,14481.6,1647.9,871.0,345.7,23.2,4881.2,14.7,2.55,45,0,1.6,37.5,47.4,53.77,53.49,59.09,63.21,60.96,402.6,160.8,1996.7,963.7,1013.8,8.4,0
8.24,2634.8,1858.3,13922.6,1515.3,382.3,189.9,25.9,3709.2,18.4,8.93,69,0,2.0,164.3,19.8,89.48,93.0,95.0,97.0,98.0,40.2,13.3,185.5,1044.9,52.7,7.54,1
7.74,3564.7,5127.0,10526.8,1344.2,1160.3,612.9,30.3,3017.0,16.2,7.31,78,0,1.3,118.6,33.8,77.13,75.81,85.16,91.88,84.22,265.3,148.3,447.8,2935.7,562.4,7.15,0
10.12,8904.9,1513.2,12405.1,1059.2,11521.4,3988.9,22.3,2854.0,14.8,2.03,54,1,1.7,30.1,19.4,39.98,44.68,44.69,46.33,47.35,6914.9,2206.7,1578.5,1173.9,4688.3,9.24,0
8.74,3316.8,4189.0,4552.6,1566.8,1282.0,410.1,26.1,985.5,16.1,9.64,72,0,3.6,155.4,41.4,89.0,92.72,95.0,97.0,98.0,141.1,29.8,49.3,2772.2,66.3,8.03,0
8.85,7861.7,5789.9,14495.2,1505.0,5092.4,2777.4,33.5,5007.0,18.7,7.75,77,1,2.5,145.2,41.0,72.38,76.65,80.38,79.61,79.87,1406.4,648.6,982.3,4323.1,1582.8,8.22,0
10.29,1633.4,5655.0,12923.5,794.6,1259.8,561.6,30.4,252.4,9.5,9.47,86,1,3.3,90.4,27.7,82.05,85.72,87.35,91.14,93.08,226.1,80.2,31.9,3464.8,113.1,9.38,0
8.2,3617.1,2308.4,4393.7,634.8,1620.4,741.1,26.6,5809.5,18.3,8.35,64,0,4.6,152.9,17.5,81.73,80.05,91.05,90.6,87.01,296.1,147.8,520.0,1368.9,469.9,7.58,0
8.24,6553.4,5745.3,4359.6,1056.1,11512.0,3340.0,28.2,1988.7,8.8,3.12,33,0,2.9,27.4,11.5,38.1,40.45,48.03,48.24,45.0,7125.7,1989.1,1033.5,4004.3,3604.4,7.8,0
8.65,6624.5,8598.5,3145.2,1721.2,332.2,157.0,28.2,5506.5,16.9,5.92,83,1,1.3,100.3,33.2,74.17,74.72,83.46,87.49,82.03,85.8,39.7,910.9,4819.5,1190.2,8.05,0
10.38,7219.1,1745.6,11336.8,1052.1,1315.8,715.5,32.8,781.0,13.1,7.02,65,0,4.4,91.8,50.0,71.36,68.65,79.29,84.47,81.88,376.8,224.3,161.7,1418.0,1307.9,9.5,0
8.87,1531.0,3764.3,4628.4,1721.8,404.8,202.2,29.9,1585.6,17.4,8.04,88,1,3.6,139.5,13.2,89.15,88.58,95.0,95.64,94.9,43.9,23.1,79.3,2508.6,78.0,8.77,0
9.6,5960.4,3695.0,6734.6,1745.9,576.9,177.1,29.8,4462.3,9.4,9.26,89,1,3.4,86.6,30.4,77.19,75.8,85.72,89.09,85.81,131.6,42.9,637.4,2889.2,845.5,8.58,0
10.8,2045.1,1676.4,11854.4,1802.7,3733.5,1481.1,30.2,261.5,12.2,6.97,61,0,1.2,85.3,10.7,76.22,78.47,85.04,89.25,81.88,888.0,318.9,39.1,1175.5,370.6,9.5,0
9.75,7274.4,8898.0,6486.1,1323.2,3922.6,1334.8,29.3,989.0,13.4,3.51,24,1,1.3,47.1,11.7,36.79,39.46,44.56,51.17,45.0,2479.4,808.1,548.3,6645.4,4000.9,9.36,0
7.53,3970.2,6304.2,13478.6,1986.7,902.4,260.2,26.4,304.4,11.8,9.66,71,1,4.5,114.5,8.5,83.07,87.11,87.49,90.72,88.85,152.8,33.5,38.1,5126.6,442.7,7.06,0
8.7,6114.7,3588.5,12173.3,1259.0,6031.8,3021.4,27.6,508.4,13.0,4.29,52,0,2.9,55.9,48.3,55.3,57.32,64.94,63.26,64.98,2696.1,1289.6,178.3,2341.4,2141.6,8.43,0
9.28,7101.2,7652.1,3805.8,1003.8,807.3,272.9,23.6,230.1,10.6,7.28,87,0,2.6,77.4,33.5,84.07,84.35,88.47,95.61,90.04,128.6,42.7,26.5,4365.4,707.6,8.57,0
8.25,2396.0,6088.4,7144.1,1522.9,1016.4,323.4,24.5,828.4,9.1,9.03,77,1,4.8,81.7,46.2,77.84,75.21,84.86,91.27,89.53,225.2,80.2,125.4,4076.0,250.8,7.79,0
7.87,1329.1,2115.3,11737.3,1859.1,1155.0,473.1,31.2,2263.6,9.7,8.76,76,1,3.3,85.4,48.3,75.99,78.24,81.42,90.24,82.68,277.4,103.0,420.7,1642.7,230.2,7.98,0
8.35,4767.9,5272.7,14568.9,1315.1,6675.0,2725.2,25.4,368.2,12.4,5.74,44,1,3.2,71.2,37.2,57.56,56.79,61.23,68.69,65.36,2832.6,1177.5,142.8,3199.3,1651.4,8.2,0
7.66,9284.7,8605.6,14550.6,1621.5,377.8,141.0,20.7,3052.8,18.9,7.57,86,1,1.7,142.9,32.4,72.88,74.44,81.64,83.18,83.69,102.5,36.0,560.5,6261.1,1514.5,7.39,0
7.74,3083.3,735.8,11155.4,1752.0,656.9,315.8,32.4,642.5,8.5,1.57,36,1,3.4,13.3,13.4,33.41,30.6,40.0,45.34,45.0,437.4,219.1,385.5,602.9,1695.8,7.51,0
8.4,1581.9,3756.7,13595.9,1516.7,863.3,291.9,28.4,3036.7,13.5,8.18,37,1,4.8,110.3,34.7,67.29,66.0,70.41,79.64,73.42,282.4,99.3,898.7,2200.6,420.5,7.95,0
7.84,5831.7,1193.5,3907.3,312.6,752.1,398.4,24.2,5624.2,12.7,7.96,61,1,4.4,101.3,21.6,69.3,74.29,73.38,78.95,74.59,230.9,102.5,1497.2,770.7,1481.7,7.38,0
10.13,2959.3,6474.1,7284.4,515.2,636.6,170.3,21.3,2494.5,13.3,1.92,25,0,3.2,25.5,16.4,30.31,33.93,40.26,42.69,45.0,443.6,112.5,1490.3,3605.3,1627.6,8.99,0
10.9,8856.2,5632.0,4212.7,1232.3,406.5,192.4,26.7,2624.3,8.7,9.52,69,1,2.9,82.5,39.0,77.23,81.78,81.54,85.05,83.03,92.6,35.1,484.4,3713.2,1503.0,8.97,0
10.46,1338.1,4219.4,3747.7,1463.3,539.8,213.6,33.4,200.2,14.1,8.41,64,0,4.0,118.6,46.7,75.89,78.22,80.89,84.46,86.41,130.2,46.5,38.2,3415.0,181.9,9.5,0
7.89,6670.1,8149.8,4221.6,254.8,11905.8,6058.7,32.7,214.3,17.0,9.48,73,1,4.3,161.4,34.2,79.81,84.41,85.12,88.83,86.01,2403.8,944.3,31.9,5725.8,933.5,7.3,0
8.75,4466.9,4972.7,9832.5,232.6,879.0,308.0,28.7,518.7,8.0,2.11,61,1,1.9,16.9,8.8,38.79,37.47,41.79,44.73,48.46,538.0,192.6,301.9,2912.7,2302.1,8.46,0
10.26,8600.2,1779.2,6508.6,270.9,20027.6,8846.8,30.1,1577.9,8.5,5.17,59,0,3.8,43.8,47.6,65.5,68.61,69.21,73.08,75.69,6909.0,2776.6,485.8,1510.6,2090.7,9.32,0
8.86,7932.4,1565.0,4767.6,751.6,386.4,168.1,26.0,542.1,16.8,8.22,83,0,4.5,138.3,29.3,81.83,80.3,86.77,96.78,90.2,70.2,33.1,71.7,1278.1,777.4,8.24,1
7.59,7022.9,3544.4,12132.5,1274.3,7788.2,4213.0,26.2,1614.2,10.7,8.03,78,0,2.3,86.2,49.6,79.42,81.42,85.48,88.36,85.22,1602.7,782.9,234.4,2141.6,1037.8,7.12,0
10.75,6117.3,7526.9,8379.8,1475.8,402.9,165.3,26.8,4041.6,11.6,9.75,80,1,3.8,113.5,12.4,90.47,92.5,94.01,97.0,96.27,38.4,12.4,242.0,6197.2,228.2,9.27,0
7.57,9229.2,7651.2,5152.4,1156.8,16677.2,6472.4,33.8,3247.4,14.8,8.36,28,1,3.3,123.9,42.4,59.22,62.19,63.42,71.92,66.21,6801.4,2447.1,1187.8,4899.3,3118.6,7.39,0
10.99,2556.1,5537.8,3941.5,1004.1,856.2,236.4,28.1,913.1,8.0,5.79,48,1,4.8,46.4,37.5,59.24,56.26,64.01,73.95,67.93,349.0,103.4,328.6,3215.1,819.8,9.5,0
10.36,2918.1,5084.8,5528.5,1645.4,5384.1,2097.2,23.0,218.4,10.6,1.71,60,0,3.0,18.0,23.5,46.45,44.18,51.78,57.27,52.5,2883.4,1170.7,105.3,3879.9,1386.1,8.8,0
7.84,6147.5,7056.4,10888.2,1367.6,1646.1,582.9,28.8,573.3,11.1,8.04,30,1,1.3,89.1,17.6,58.81,57.45,67.15,66.96,65.3,678.1,248.0,188.3,5921.3,2133.5,7.61,0
10.12,5605.8,1221.6,10013.4,351.4,349.0,178.1,29.8,3141.8,18.8,4.6,41,0,1.9,86.6,11.5,63.29,63.14,71.04,75.42,74.43,128.1,65.7,910.0,874.1,1433.3,9.24,0
8.59,2631.8,4298.3,3263.0,907.2,19862.8,10910.7,27.0,862.1,11.8,6.88,20,1,2.6,81.0,49.5,51.78,50.07,61.19,59.94,59.19,9577.0,5447.7,334.6,3244.3,1074.0,8.07,0
9.96,8728.7,2251.6,4714.2,1565.7,1186.0,498.9,24.0,4705.3,11.2,9.66,82,1,3.6,108.4,18.2,87.38,91.38,95.0,97.0,94.69,149.6,43.0,235.3,1644.0,463.8,8.89,0
10.53,8830.1,7703.2,5614.7,1547.0,1701.2,912.9,33.4,612.0,12.9,2.94,73,0,3.6,37.9,32.4,60.66,64.97,70.21,73.4,65.72,669.3,319.8,182.3,5749.0,3027.1,9.21,0
8.58,967.7,1921.6,3000.1,771.6,1020.6,488.4,24.8,228.8,15.7,3.17,78,1,4.0,49.8,24.1,59.12,56.65,63.1,66.58,66.6,417.2,211.7,84.4,1266.7,323.2,7.49,0
10.88,3753.6,558.5,8544.1,1078.9,373.0,156.5,32.0,693.2,13.6,9.91,71,0,3.4,134.4,28.6,84.22,88.22,90.15,94.92,91.06,58.9,18.4,68.3,314.2,335.7,9.5,0
8.37,7524.7,3155.4,6612.6,251.6,7402.5,2435.9,23.6,1873.2,9.5,5.47,67,1,3.8,52.2,42.4,63.59,66.45,71.88,77.34,75.52,2695.6,817.2,526.7,1974.8,1842.1,8.26,0
8.94,5524.0,5320.8,10177.6,1413.6,427.9,224.8,31.3,644.8,17.7,8.57,65,1,3.6,152.0,13.4,73.92,77.22,83.85,83.15,81.89,111.6,51.2,104.2,3174.1,1000.2,7.95,0
7.54,4513.1,7490.4,4940.1,714.3,549.7,209.1,21.1,910.5,15.5,2.79,67,0,3.4,43.3,17.1,55.95,54.55,59.52,61.69,62.88,242.2,95.0,368.6,4274.6,1675.1,7.14,0
9.28,2545.4,2362.9,7788.4,1419.4,1294.2,544.2,34.3,2319.1,17.6,3.01,41,0,4.8,53.0,27.7,47.76,46.25,51.86,54.63,57.93,676.1,292.5,1116.4,1370.1,1070.8,9.13,0
8.07,6621.3,7121.0,7142.3,1109.9,17564.1,8397.7,29.2,272.0,13.6,5.71,52,1,4.3,77.5,23.1,60.31,59.89,70.22,73.34,71.27,6971.9,3368.2,81.0,4958.0,1902.1,7.22,0
9.21,8729.7,2670.8,14372.3,1112.7,1364.8,617.1,31.7,206.1,14.5,9.46,57,1,1.2,137.5,39.6,77.09,77.1,84.45,87.36,85.75,312.7,141.3,32.1,1713.5,1243.9,8.48,0
8.87,6942.4,6207.3,11724.7,1272.9,890.9,386.1,26.1,3999.4,11.4,9.23,55,0,4.4,105.1,44.5,81.83,80.71,90.12,86.92,92.01,161.9,74.5,395.3,3801.1,555.0,8.37,0
8.3,8314.5,6892.2,6558.7,1562.7,744.7,206.6,21.6,2188.8,16.8,8.14,78,1,4.0,137.0,37.1,83.83,85.18,91.27,97.0,88.96,120.4,30.6,191.2,5440.8,918.3,8.11,0
9.02,5591.6,6869.1,4689.6,816.8,10041.6,4819.0,33.2,4283.3,19.9,4.94,53,1,3.8,98.2,47.2,60.04,58.64,64.66,74.82,70.84,4012.3,1993.2,1513.6,3947.8,1630.7,8.4,0
9.16,2606.0,7523.2,8782.8,1220.0,941.3,297.2,33.3,288.3,17.9,9.07,65,0,3.6,162.5,13.0,80.37,78.43,90.34,93.27,91.42,184.7,64.1,27.9,5515.6,223.7,8.29,0
9.19,9003.4,2173.4,12194.8,284.1,321.3,121.4,24.6,6698.4,13.6,8.03,83,1,1.3,108.8,33.4,76.21,75.39,81.05,89.66,88.2,76.5,29.9,1269.1,1795.8,1062.0,8.51,0
9.47,7814.8,5616.1,6082.0,1416.4,507.8,248.0,32.8,1382.8,8.4,7.17,77,1,4.6,60.2,22.8,69.16,72.74,77.04,79.57,78.5,156.6,67.6,317.5,3310.2,1680.4,8.46,0
7.81,828.9,5484.2,8328.5,1445.7,9707.6,2852.2,30.1,1783.6,8.6,3.69,31,0,2.8,31.8,5.8,44.86,44.21,53.48,50.78,51.17,5353.0,1591.1,829.7,3087.4,404.8,7.8,0
7.86,7324.4,2855.4,12511.1,454.2,506.5,172.9,29.7,245.0,16.0,5.24,86,1,1.7,83.9,14.4,68.2,69.86,71.73,74.96,79.43,161.1,52.1,69.3,1846.4,1506.9,7.4,0
8.89,8189.5,2073.9,12434.5,819.1,828.4,314.4,20.8,248.2,11.0,3.23,19,1,2.2,35.4,8.0,31.04,30.0,40.0,40.0,45.0,571.2,220.1,148.9,1581.4,4504.2,7.95,0
10.62,856.6,8400.5,8033.4,400.9,1358.1,657.4,26.9,670.4,14.3,2.13,44,1,1.5,30.5,15.8,45.07,42.92,51.36,59.38,54.67,746.0,375.2,326.1,5647.1,388.3,9.38,0
8.28,5900.2,1982.4,6390.0,244.9,16928.7,8588.9,21.6,1561.8,18.5,3.3,26,0,4.2,60.9,35.7,45.23,47.79,48.8,52.28,56.91,9271.5,4484.1,799.6,1294.4,2542.3,7.46,0
9.38,6060.6,8686.6,8796.5,409.4,6322.9,2033.6,22.6,1303.6,16.4,4.42,62,1,4.3,72.4,40.5,57.88,57.5,65.64,64.68,65.79,2663.1,864.3,447.9,6562.8,2073.3,8.6,0
8.5,7541.5,5111.3,11112.3,326.2,5796.9,2074.7,29.6,383.2,8.1,8.2,42,0,1.4,66.4,26.4,76.02,74.89,84.57,86.43,87.46,1390.1,520.9,59.1,4197.0,945.5,8.11,0
9.9,6881.5,7639.4,9270.1,1904.9,2470.2,938.3,21.9,508.6,8.6,1.96,71,0,4.2,16.8,37.6,50.94,48.78,55.35,61.52,62.35,1211.9,480.6,227.1,5427.7,2591.1,9.28,0
8.14,3531.0,5024.5,5104.0,1394.4,359.5,110.1,29.4,3981.1,15.2,9.47,65,0,3.7,143.6,41.2,84.37,84.16,88.86,90.0,92.86,56.2,17.4,443.4,2791.5,252.1,7.68,0
9.24,6649.2,1534.4,6171.3,323.2,614.7,176.9,21.3,1130.1,8.2,2.53,39,0,3.7,20.7,47.3,39.93,43.83,47.17,47.04,47.87,369.3,99.3,597.0,869.4,3466.2,8.61,0
8.47,8007.4,2179.3,14949.3,1232.5,302.0,117.3,34.9,625.7,15.0,8.96,81,1,3.0,134.5,23.1,75.85,77.65,80.32,84.95,81.44,72.9,26.2,123.1,1841.0,1486.0,8.33,1
7.68,1020.6,5488.0,9255.6,715.7,422.5,162.6,29.5,1524.1,14.5,7.99,58,0,4.6,116.0,9.8,77.13,81.09,82.57,86.77,87.63,96.6,30.7,265.6,4307.1,126.3,7.15,0
8.94,3443.3,9054.8,10172.0,275.4,1696.3,429.1,28.9,1198.8,14.4,1.07,84,0,1.1,15.4,42.3,39.84,39.43,43.36,51.78,45.37,1020.6,259.9,679.1,5755.0,1881.2,8.29,0
8.04,933.9,6181.8,6208.8,838.8,6109.6,2454.7,27.5,1694.1,19.7,5.81,87,1,1.6,114.3,37.4,76.85,81.5,81.33,86.4,88.08,1414.5,454.0,316.3,4863.2,111.4,7.44,0
9.3,9242.6,6676.9,7566.2,1184.1,2510.6,917.3,20.8,405.7,14.0,4.24,74,1,3.5,59.5,17.9,64.09,67.79,71.87,69.86,72.28,901.6,295.5,114.1,4987.9,2562.2,8.16,0
9.38,4003.7,4894.2,3874.8,675.3,1507.4,715.4,22.6,1555.5,18.2,5.07,16,1,2.6,92.2,5.6,38.29,37.29,42.04,50.96,45.0,930.2,448.6,901.5,3446.3,2202.0,8.47,0
10.49,8160.9,2928.4,14895.9,661.6,3829.9,1650.5,30.3,5731.7,17.5,9.44,65,1,2.0,164.9,39.2,80.1,84.88,83.19,88.38,88.59,762.2,249.5,963.2,2135.7,931.3,9.5,0
8.64,1091.4,4524.8,7821.3,1812.2,20295.0,10477.1,29.4,687.5,13.3,5.74,62,1,2.3,76.6,10.2,55.64,54.61,64.64,69.29,64.63,9002.1,4755.5,243.1,3022.1,386.1,9.11,0
10.6,4941.9,4955.3,3600.0,487.3,614.9,316.8,26.0,2319.4,13.0,8.11,72,0,4.4,105.0,41.0,75.48,76.68,80.79,84.75,85.22,150.8,73.9,445.4,2877.6,730.6,9.5,0
8.08,6641.8,2635.9,9500.9,1885.7,719.2,256.8,31.8,206.8,17.4,7.28,75,1,4.6,127.0,7.5,72.28,74.38,75.75,84.25,80.1,199.3,65.8,50.2,1754.2,1321.4,7.55,0
9.09,4072.3,7480.5,6986.3,1688.3,909.9,304.4,26.3,1028.5,8.9,8.2,53,0,2.0,72.7,22.1,72.76,71.55,80.06,86.25,80.62,247.8,86.6,205.1,4769.6,789.1,8.01,0
8.9,4138.9,5909.7,7245.5,1010.1,14043.9,5487.0,31.1,772.1,13.4,7.46,45,1,1.0,100.2,30.7,58.47,62.53,67.73,72.11,67.42,5833.0,2056.1,249.1,4706.0,1348.3,7.57,0
7.79,6049.9,1235.5,7302.9,1999.2,6693.4,2627.4,34.0,258.1,15.1,7.96,38,0,5.0,120.3,49.9,64.58,66.97,68.41,74.18,72.31,2371.0,867.8,81.5,989.6,1675.3,7.71,0
7.97,3571.2,3141.4,8208.3,652.1,3763.8,1496.5,31.7,1770.8,17.6,2.75,85,0,4.9,48.6,50.0,62.78,63.36,68.61,71.34,71.53,1400.9,548.3,555.9,1794.9,1016.9,7.54,0
10.38,4758.9,1861.2,3538.9,272.1,8332.5,3736.3,33.1,1807.2,15.5,0.71,23,1,3.0,11.0,41.4,30.0,30.0,40.0,43.76,45.0,5832.7,2615.4,1084.3,1035.8,2617.4,9.5,0
7.55,6184.0,8073.0,14742.3,718.3,369.8,169.5,25.6,1961.1,16.6,8.88,30,1,1.9,147.0,22.0,60.23,58.72,66.65,68.07,69.29,147.1,70.0,654.0,5774.4,1899.3,7.35,0
10.78,1042.4,8668.5,6249.7,1904.2,1299.3,650.0,29.3,5037.5,15.8,3.48,39,0,3.7,54.8,22.5,54.54,58.21,58.09,63.04,62.94,590.6,271.7,2111.0,5817.4,386.3,9.5,0
8.77,2982.4,5036.8,8378.5,1596.6,952.0,496.2,31.5,221.5,14.1,8.75,61,1,3.9,123.7,21.3,77.9,75.48,82.64,90.56,84.67,210.4,121.7,38.5,3236.5,457.3,7.68,0
10.47,805.5,3937.5,6760.2,225.9,876.3,444.6,27.5,2637.6,16.6,7.47,64,1,1.4,123.7,26.2,71.9,71.06,76.35,83.78,79.28,246.3,128.7,623.9,2186.1,166.9,9.5,0
10.89,7680.3,6206.9,4857.9,1202.7,5373.3,2578.5,32.7,1447.5,15.8,5.57,36,0,1.8,87.8,21.7,61.5,61.29,69.86,73.39,66.55,2068.8,998.0,436.3,4571.8,2568.9,9.5,0
7.77,7461.3,8340.8,3620.0,1238.3,1596.9,612.6,31.8,920.7,12.1,8.8,83,1,1.3,106.5,45.1,83.89,85.92,87.2,92.78,90.92,257.2,86.3,117.9,6549.0,677.2,7.77,0
8.81,4258.2,6226.6,3176.3,698.6,728.5,365.2,25.4,4322.4,13.3,8.8,40,1,4.7,116.8,9.7,66.57,63.88,76.42,78.98,71.92,243.6,131.9,1019.0,3851.1,1195.9,8.29,0
8.81,8155.2,3453.7,12733.5,744.4,10024.1,4381.1,30.2,6823.9,18.0,4.94,46,0,3.1,88.8,24.5,57.55,59.54,64.42,70.14,67.95,4255.3,1772.4,2427.7,1903.7,2613.8,8.44,0
9.5,4065.6,9243.8,7897.8,1849.6,542.1,172.1,33.0,2045.7,10.5,3.5,15,1,2.8,36.8,33.6,30.0,31.33,40.0,40.63,45.0,379.5,118.2,1227.4,6244.9,2236.1,8.44,0
8.05,4317.2,1124.8,11125.4,1418.5,565.6,280.7,20.6,247.3,19.2,5.9,66,0,2.9,113.3,47.8,73.99,73.47,82.71,87.69,82.64,147.1,74.5,42.8,652.4,749.4,8.61,0
7.93,1432.3,1328.6,5930.3,1147.8,649.4,337.8,30.9,585.7,19.1,8.55,86,0,4.4,163.6,28.1,90.87,92.06,94.82,95.97,98.0,59.3,26.8,30.3,1059.0,28.6,7.36,1
9.54,4597.0,4633.2,9979.5,262.8,532.9,141.9,28.6,263.6,14.0,8.13,62,1,4.6,113.9,22.1,77.82,80.43,83.74,83.85,83.59,118.2,27.8,42.9,3552.7,754.4,8.39,0
8.3,712.7,3256.8,10970.6,874.5,300.8,133.9,31.1,6796.1,19.1,9.75,69,1,2.2,185.8,12.4,86.23,87.62,94.1,92.77,92.48,41.4,16.6,401.0,2148.9,53.6,8.23,0
8.1,5400.4,4752.4,5431.6,1924.6,16417.7,6302.7,31.4,931.6,14.6,2.17,61,0,2.0,31.7,7.7,41.69,42.98,46.0,49.59,47.23,9573.4,3593.8,503.1,3197.1,2850.0,7.95,0
9.47,9420.6,6684.2,7953.1,1889.0,1210.9,518.0,24.2,292.8,14.3,7.95,85,1,3.9,113.9,47.0,83.8,86.03,89.24,91.22,95.68,196.1,72.4,31.5,5272.1,406.7,9.1,0
10.34,7084.3,6037.7,13181.1,342.1,13532.9,7276.1,34.8,5098.2,19.1,9.27,43,0,3.2,176.8,24.4,62.13,59.16,68.63,74.76,73.35,5124.9,2971.2,1599.1,4505.2,1888.2,9.5,0
9.68,4930.5,8201.6,11813.3,1519.4,7512.4,3640.0,32.5,869.5,11.9,3.05,81,0,2.4,36.3,39.0,65.74,67.29,74.84,74.35,75.45,2574.0,1190.7,218.8,6135.8,1210.2,9.26,0
9.64,1437.0,1783.3,6920.9,292.3,1062.5,575.6,30.4,374.5,11.8,7.31,45,0,1.5,86.1,42.9,65.47,63.6,70.42,79.21,73.75,366.9,209.5,110.8,1363.6,377.2,8.83,0
10.61,3932.6,9476.7,3604.8,1117.7,650.9,228.7,29.2,1918.9,10.3,8.3,81,0,3.2,85.7,22.4,89.03,91.87,92.99,97.0,98.0,71.4,18.6,134.4,5418.1,78.7,9.22,0
10.19,9273.1,6974.2,11511.8,644.0,3172.5,1713.0,20.3,5810.7,9.1,5.64,44,1,3.4,51.1,33.3,60.34,59.28,67.1,74.98,68.42,1258.1,697.6,1911.5,4565.7,2928.2,9.45,0
8.94,4557.6,3522.3,9743.9,1874.9,769.8,335.0,20.7,3515.3,16.6,7.33,75,1,4.2,121.6,49.1,69.03,68.67,75.78,75.22,79.83,238.4,105.0,851.4,2250.7,919.2,8.03,0
10.29,3958.9,5813.1,7413.4,1929.7,1651.4,717.1,33.0,1903.9,16.0,5.34,74,0,3.5,85.5,20.9,72.02,72.97,76.26,86.49,82.38,462.1,193.8,452.0,4767.4,697.5,9.09,0
9.52,9002.6,1940.6,7048.1,1249.7,3135.4,967.2,27.2,2359.5,12.8,6.08,40,1,1.4,78.1,28.2,59.57,63.48,64.68,69.31,64.8,1267.8,353.3,833.4,1448.0,3169.4,8.54,0
7.54,6754.8,7310.8,13729.1,627.5,14148.2,4354.9,34.2,1196.2,17.2,2.59,38,1,3.3,44.7,42.1,37.66,36.2,43.65,50.3,48.46,8820.2,2778.4,674.1,5114.4,3481.1,7.4,0
9.05,4078.3,7077.4,11746.3,201.2,820.9,348.9,33.1,403.3,18.7,1.61,45,0,2.3,30.1,29.6,36.44,34.86,40.0,48.43,47.61,521.7,227.2,242.0,4885.8,2136.5,8.13,0
8.68,1304.7,8359.9,13025.8,1230.7,6793.6,1914.8,29.4,458.2,9.7,9.77,50,1,2.5,94.4,35.6,77.55,76.72,82.38,89.67,88.87,1525.1,445.7,80.7,5798.8,145.3,8.37,0
10.33,8316.2,1780.2,11310.4,1187.2,1043.2,558.8,21.6,446.1,11.0,3.25,55,0,1.1,35.6,34.6,55.99,58.33,59.63,65.69,63.27,459.1,232.9,180.1,1358.7,3054.8,8.74,0
8.71,5178.0,5544.0,7758.6,1530.0,1130.2,480.2,34.1,269.0,15.8,9.12,70,0,2.0,144.3,37.5,74.7,79.11,84.51,87.43,81.38,285.9,100.3,41.7,3635.9,964.3,7.74,0
10.57,6778.7,4111.8,7512.1,1759.0,463.0,146.7,26.2,1007.0,18.0,9.95,72,1,2.8,179.1,39.4,82.26,79.89,88.84,95.02,92.56,82.1,29.5,112.4,3397.1,504.1,8.92,0
8.24,8787.6,3419.0,3330.4,1449.1,682.4,275.4,23.7,817.6,14.1,2.6,41,1,2.3,36.7,30.0,36.55,37.86,45.99,46.76,47.82,432.9,171.1,441.6,2822.9,4585.7,7.94,0
7.95,8878.5,5646.0,14622.4,338.2,613.2,193.3,28.2,306.1,13.1,4.76,34,0,4.7,62.2,33.9,54.3,53.84,59.75,65.62,63.55,280.2,89.2,123.2,4482.5,3236.3,7.36,0
9.22,4372.8,6521.2,9071.5,568.0,386.5,152.3,27.4,639.7,17.0,1.85,40,0,2.8,31.4,45.6,41.7,43.7,47.44,47.37,46.96,225.3,85.8,336.2,3748.0,2319.4,8.47,0
9.72,6410.6,6378.5,9557.2,1641.8,5666.2,2518.6,20.3,3999.1,19.3,4.9,55,1,3.1,94.8,35.2,65.64,66.68,75.64,78.55,71.14,1946.7,839.2,974.4,4014.5,1849.9,8.2,0
10.52,5279.6,2703.0,11380.8,1693.8,475.4,123.8,22.4,610.1,13.0,9.95,83,1,2.7,129.3,25.3,81.71,84.38,90.57,94.34,89.9,87.0,19.3,57.5,2136.1,533.2,9.43,0
8.79,1245.2,4589.4,12534.2,1633.2,2669.0,1104.2,31.4,469.7,16.5,9.65,35,0,3.2,158.7,48.7,77.76,80.2,81.75,84.3,89.31,593.6,218.6,85.7,2686.2,133.1,7.94,0
10.75,6216.1,766.7,11340.1,1133.9,360.6,134.4,26.4,651.0,10.7,9.47,83,0,1.3,101.2,10.2,88.62,88.3,95.0,93.88,98.0,41.0,15.7,32.6,539.0,124.3,9.47,0
10.42,8684.7,4135.2,9144.5,1702.3,439.4,128.5,22.9,462.5,16.7,9.19,86,0,4.3,153.4,33.3,83.8,82.42,92.18,94.7,90.95,71.2,22.6,36.2,3186.5,786.0,9.5,0
10.75,568.1,1683.4,13529.6,911.3,1172.5,566.1,34.0,5048.6,10.9,8.53,29,0,1.2,93.3,35.5,55.82,58.78,62.89,63.91,67.43,518.0,233.4,1873.8,1109.3,185.0,9.5,0
8.31,9166.3,8975.5,6226.2,380.4,806.4,353.0,26.3,5527.9,12.6,5.41,40,1,2.8,68.0,12.0,52.1,51.65,57.8,62.07,59.8,386.2,170.7,2332.5,5303.4,3685.0,7.65,0
8.72,1324.2,1263.1,12304.2,1993.1,663.0,344.2,31.9,526.6,8.7,3.51,54,0,4.7,30.7,17.0,56.67,54.48,64.04,69.14,66.07,287.3,156.7,189.4,899.1,449.4,7.94,0
10.64,6752.3,7136.9,12647.5,1816.3,12235.8,5164.4,29.9,584.5,8.3,4.25,30,0,2.2,35.3,25.6,42.96,44.7,48.26,56.84,53.56,6979.5,2856.0,302.4,5071.9,3135.9,9.5,0
7.63,6252.1,3175.1,11057.7,1713.6,4661.7,2118.2,31.7,781.9,14.7,3.19,47,0,1.8,47.0,5.9,54.04,55.68,61.9,68.15,63.19,2142.7,938.7,297.9,1932.3,2301.1,7.3,0
10.47,2295.9,1214.7,12367.6,1391.4,1836.8,643.7,26.2,617.9,19.0,1.79,62,0,2.3,34.0,38.0,47.23,45.66,55.9,53.02,55.84,969.3,349.8,272.5,1002.8,1013.8,9.5,0
10.53,6679.7,5810.7,8309.6,1768.3,566.9,258.0,34.9,5632.3,8.9,7.3,77,0,5.0,64.9,36.9,67.83,64.86,71.53,79.44,74.55,182.4,90.7,1603.3,3776.3,1700.1,8.8,0
7.82,3098.2,1850.4,7834.5,1890.3,3956.8,1562.1,33.1,346.8,13.8,4.07,57,0,4.7,56.1,21.0,62.2,63.55,67.95,70.16,73.01,1495.5,569.4,111.2,1023.6,836.2,7.56,0
8.94,7857.0,6267.4,13247.5,870.6,18121.7,9781.2,33.4,3106.3,18.0,2.39,63,1,2.0,42.9,45.5,43.21,46.71,46.24,56.53,51.09,10290.6,5212.8,1669.8,4651.1,3842.8,8.59,0
8.56,5821.5,9447.3,7610.5,497.5,12943.1,6766.1,33.2,787.7,14.8,5.0,59,1,1.0,73.9,38.6,63.75,66.52,70.87,72.1,75.32,4692.2,2265.1,229.5,6284.0,1436.7,8.14,0
10.82,8336.7,8033.4,3302.3,1876.8,1132.1,552.7,27.9,942.6,8.3,1.16,34,0,4.6,9.7,46.1,32.11,35.91,40.0,41.35,45.0,768.6,354.2,565.5,5119.9,4585.2,9.5,0
10.38,4445.4,1721.6,11806.2,1012.0,912.8,431.6,33.5,4071.1,13.4,9.67,80,1,1.4,129.8,40.4,87.16,91.41,91.03,97.0,92.25,117.2,37.1,365.4,1356.7,344.6,9.05,0
9.15,9099.7,4941.9,11568.6,211.5,892.6,455.5,30.1,853.2,14.4,6.81,21,1,4.8,98.4,31.9,50.92,52.0,54.3,60.26,59.85,438.1,218.6,390.0,4086.0,3653.6,8.51,0
10.84,2819.1,7871.6,6183.9,1827.8,622.5,307.0,27.0,3587.3,15.2,6.07,66,1,1.4,92.5,19.4,76.47,77.77,84.89,84.2,85.46,146.5,68.3,541.9,5574.4,409.8,9.5,0
8.37,2837.8,1083.7,8808.9,991.5,9544.3,4825.7,33.4,3527.7,11.1,4.91,86,0,4.5,54.6,30.9,72.3,69.98,77.06,79.43,81.88,2643.7,1448.5,809.2,798.3,514.2,7.6,0
9.7,6063.4,744.5,6978.8,1551.4,595.7,325.5,26.7,3059.8,19.3,0.53,46,0,2.0,10.2,29.6,30.0,30.0,40.0,40.0,45.0,417.0,227.9,1835.9,624.0,3334.9,8.55,0
10.91,6227.9,7681.2,8102.7,1879.8,910.6,344.7,23.0,624.1,12.1,2.12,86,1,2.2,25.7,7.1,50.15,54.82,53.21,64.4,56.48,453.9,155.7,292.0,5293.5,2710.4,9.5,0
9.6,2571.3,3532.6,8805.0,1987.7,381.2,205.1,23.6,4409.1,19.2,9.43,85,0,3.6,180.6,19.3,83.57,81.15,93.02,88.74,91.79,62.6,38.6,307.8,2314.8,211.1,9.04,0
10.63,7433.7,7334.6,14727.7,529.1,5492.2,1994.6,34.4,3434.1,16.0,2.49,21,1,1.6,39.9,7.8,30.0,30.0,40.0,40.0,45.0,3844.6,1396.2,2060.4,5277.7,4088.5,8.42,0
9.26,2809.1,3692.9,9460.0,907.6,20500.2,10218.4,32.4,512.8,10.0,1.01,50,0,3.1,10.1,27.7,36.48,36.46,45.79,42.17,45.0,13021.9,6493.0,278.0,2102.0,1545.0,8.26,0
9.46,4074.7,1817.4,7638.5,1175.2,15522.4,5001.9,28.9,433.7,13.9,9.77,52,0,4.4,136.0,5.7,78.12,79.52,87.56,90.43,86.19,3396.3,1024.2,54.0,1004.2,562.9,8.93,0
7.85,780.2,9248.0,6466.6,832.2,15104.4,5637.2,23.5,5239.5,19.8,8.69,49,0,2.9,172.2,11.2,71.91,73.54,78.65,77.87,81.79,4243.5,1491.7,1118.6,6476.0,142.1,7.96,0
7.72,1437.0,7902.3,4785.6,1788.6,7170.6,2180.2,23.2,207.3,15.5,1.5,39,1,3.0,23.2,40.8,34.9,37.67,40.82,40.46,45.0,4668.0,1358.8,122.7,5675.1,790.3,6.99,0
9.25,7085.2,8712.7,3402.2,1278.0,1204.9,474.8,23.5,716.8,18.4,8.45,64,1,4.0,155.5,13.7,77.09,74.17,84.26,86.21,88.99,276.1,122.6,112.8,5157.4,780.1,8.39,0
8.01,2207.3,8582.5,11698.7,1935.4,303.8,126.5,28.9,378.4,17.3,8.1,76,0,2.5,139.9,14.0,79.95,77.05,84.43,85.73,86.44,60.9,29.0,58.9,6774.8,299.4,7.55,0
8.77,6588.6,4373.8,3923.8,1191.2,3089.7,1134.8,30.0,481.2,10.8,2.43,80,1,3.2,26.2,23.6,54.07,56.59,59.69,60.27,65.58,1419.2,492.6,194.0,3175.4,2267.6,7.71,0
9.71,6743.1,5291.8,9781.0,861.3,1718.2,632.5,26.8,1090.9,10.9,1.77,17,1,4.8,19.4,42.9,30.0,30.0,40.0,40.0,45.0,1202.7,442.8,654.5,3617.4,3708.7,8.37,0
9.62,1459.3,8532.7,10188.5,872.2,2125.8,574.8,22.3,2220.8,8.1,0.84,70,0,4.5,6.8,11.7,30.0,31.97,40.0,44.72,45.0,1488.1,391.1,1332.5,4702.3,802.6,9.02,0
7.82,5705.1,8197.4,8360.3,1496.9,431.1,223.2,26.2,251.4,12.9,7.3,68,0,4.8,94.1,34.9,86.52,89.45,95.0,97.0,96.86,58.1,23.5,12.6,6659.9,179.1,7.62,0
10.46,2012.1,8110.4,6122.8,1179.6,1665.6,449.0,25.1,4681.2,15.6,3.0,23,0,3.8,46.9,39.3,30.0,30.0,40.0,40.0,45.0,1166.0,314.3,2808.7,5576.5,1106.7,8.67,0
8.21,7727.2,6227.6,14417.9,1438.5,7026.2,2673.5,27.0,634.0,17.3,3.88,89,1,1.7,67.0,41.5,62.8,63.25,70.3,69.21,70.96,2613.8,982.6,188.3,3603.9,2243.7,7.74,0
8.09,7136.6,9307.4,11553.4,1077.3,417.0,138.4,34.0,3739.4,16.1,7.1,70,1,1.3,114.2,30.0,77.24,81.5,86.97,88.01,86.99,94.9,25.6,487.4,6037.4,928.5,7.66,0
9.94,4712.3,3523.8,12274.4,712.6,352.8,91.9,34.1,703.2,16.6,9.56,82,1,5.0,159.1,9.2,83.65,87.94,91.57,94.45,94.64,57.7,11.1,59.3,2340.6,252.6,8.95,0
9.81,8259.1,6076.3,12364.5,683.4,5217.8,1392.5,22.6,3792.0,14.7,2.46,64,0,4.8,36.2,34.5,59.89,57.04,67.58,71.46,66.17,2092.9,598.3,1229.4,3839.0,2793.8,8.6,0
7.97,8606.3,1777.7,11747.8,532.3,5017.3,1509.0,31.2,1367.8,11.1,1.14,78,0,1.4,12.7,36.2,48.99,52.05,52.43,59.98,55.84,2559.6,723.6,650.6,1224.9,3800.4,8.26,0
9.55,8427.8,4291.2,13681.7,1078.1,4280.6,2041.6,25.5,1530.1,14.1,5.54,60,1,2.5,78.1,33.9,67.43,64.71,74.66,78.11,76.08,1394.4,720.6,387.7,3287.5,2016.1,8.71,0
10.95,9015.0,7857.0,9516.3,1439.5,10957.5,5416.5,31.2,3050.2,12.3,5.92,41,1,4.6,72.6,10.4,61.77,62.18,67.55,71.14,68.48,4189.6,2048.3,989.8,5129.3,2841.4,9.13,0
7.66,4570.9,6388.6,5691.5,1982.2,3111.0,1252.8,24.0,564.5,8.9,3.53,57,1,3.6,31.3,26.0,57.31,59.54,62.7,68.47,66.1,1328.2,506.9,210.5,4018.8,1549.7,7.22,0
10.04,7833.4,9351.7,6647.3,1934.0,16377.0,8486.2,34.2,1114.1,18.1,3.24,41,0,2.1,58.5,32.4,54.67,53.29,59.03,65.59,66.2,7423.4,3963.8,456.4,6587.0,2647.8,8.33,0
9.22,7922.1,1027.0,7388.2,578.9,1966.6,831.3,26.2,367.5,10.3,8.3,45,1,1.5,85.6,44.8,68.86,65.89,74.5,74.0,78.91,612.4,283.6,93.7,838.1,1670.7,8.66,0
9.49,3176.1,1592.5,13702.5,1322.7,4067.6,1548.2,26.7,848.2,16.3,2.33,80,1,3.9,37.9,15.5,51.11,52.68,56.61,60.87,59.08,1988.6,732.6,368.0,1135.5,1299.6,8.1,0
10.54,1061.0,2453.7,12064.3,284.7,305.7,140.5,31.1,830.1,17.0,8.62,84,0,4.0,146.6,44.0,84.24,85.0,90.4,97.0,93.81,48.2,21.1,79.7,1418.3,65.7,9.16,0
9.63,1732.0,672.7,3931.8,687.7,465.6,203.4,30.1,1460.1,13.5,3.39,74,1,4.1,45.6,33.8,56.89,58.91,66.03,64.16,68.81,200.7,83.6,496.0,379.6,540.2,9.23,0
9.57,2585.0,9426.3,7851.5,962.0,9094.0,2598.7,26.8,259.0,17.7,5.35,61,0,1.6,94.6,5.9,67.29,71.41,71.59,80.26,76.71,2974.5,742.9,73.6,5375.8,602.2,9.28,0
7.66,4570.0,4553.3,13660.8,600.3,1387.5,556.4,21.4,1634.1,13.1,8.16,35,1,3.7,106.7,9.7,73.22,77.56,83.03,80.1,85.19,371.6,124.9,277.2,3181.4,676.9,7.4,0
9.72,5468.4,1023.5,10519.1,591.8,3853.6,1155.6,30.2,1219.4,8.8,4.38,21,1,1.4,38.5,29.4,45.92,44.99,51.64,55.53,53.07,2083.9,635.7,589.7,799.6,2566.4,9.16,0
10.82,3555.1,2992.1,6650.4,706.9,3599.0,1857.9,22.9,4128.5,14.4,9.2,27,0,3.9,132.9,39.3,60.17,62.8,69.55,73.49,71.68,1433.5,691.2,1257.0,2119.1,1006.6,8.7,0
7.58,4465.2,1716.6,13833.5,1661.8,515.7,163.1,33.9,4341.8,17.5,7.86,64,0,4.6,137.9,7.1,78.14,80.68,82.88,88.14,83.97,112.7,31.5,743.3,1421.9,715.6,7.63,0
9.83,1465.9,4101.6,7029.7,606.2,711.1,318.4,34.5,333.1,13.3,9.4,73,0,4.1,125.2,9.6,82.34,84.45,87.61,90.05,89.69,125.6,49.5,41.3,3308.6,151.1,8.92,0
9.92,5855.7,6693.2,14747.8,1569.5,3566.9,1023.8,29.4,5267.8,14.3,2.74,40,0,4.1,39.3,45.4,52.41,56.0,61.52,62.96,63.9,1697.5,450.5,2026.8,5324.0,2114.2,9.19,0
7.64,5597.6,3883.0,12641.8,543.7,1143.3,614.1,24.0,790.2,10.3,4.64,58,0,3.0,47.7,24.3,75.53,76.17,83.95,80.62,83.09,279.8,146.4,126.8,2385.1,946.6,7.12,0
7.66,6426.1,1827.1,4763.6,1072.2,3166.5,1645.8,20.1,260.3,11.0,0.81,46,1,4.7,9.0,5.4,30.0,32.84,40.0,40.92,45.0,2216.5,1105.3,156.2,1252.2,3534.3,7.34,0
10.46,7518.6,2833.7,3526.8,551.3,1525.4,786.5,20.7,2745.9,15.0,2.12,32,1,1.7,31.8,18.3,32.14,34.68,40.78,46.79,45.0,1035.2,513.7,1626.2,1868.8,4135.2,9.2,0
7.62,7903.5,5694.8,3674.1,220.3,2954.7,1563.6,26.8,2506.4,15.2,2.06,43,1,4.2,31.3,34.8,31.5,32.06,40.0,42.11,45.0,2024.1,1062.3,1503.8,4235.7,4346.9,7.46,0
10.43,1028.7,7796.5,14561.8,1948.5,322.1,167.2,34.6,272.8,12.3,7.29,62,0,1.3,89.4,31.9,74.79,77.5,82.89,88.91,80.22,81.2,37.6,46.7,6056.2,203.5,9.27,0
8.28,7815.0,9299.8,7170.1,1082.0,522.9,216.9,20.4,2309.0,10.7,7.55,84,1,3.5,80.8,6.6,78.91,79.05,82.29,89.55,90.65,110.3,45.4,409.0,5614.0,730.6,7.56,0
7.95,7131.9,6732.4,4913.9,695.4,813.3,403.9,34.0,767.8,9.9,5.78,20,1,2.7,57.5,28.6,46.62,45.46,52.33,56.51,53.28,434.2,220.2,366.0,4106.4,3332.2,7.8,0
8.35,7871.9,5165.7,11567.4,1400.3,5886.0,2830.7,23.2,3323.8,13.1,3.97,59,1,1.5,51.9,15.2,59.67,61.45,69.53,68.9,67.74,2373.6,1091.3,1012.8,2978.3,2539.6,7.47,0
9.32,665.5,4548.1,11885.7,1834.8,6634.2,3468.8,29.4,2160.2,8.6,4.26,22,1,1.5,36.7,38.2,38.36,38.35,46.11,45.25,50.24,4089.3,2138.6,1164.1,2839.1,331.1,9.11,0
10.95,1681.2,1109.0,12450.6,1077.1,647.0,316.6,21.6,878.6,14.2,5.87,52,1,2.6,83.2,8.7,66.77,68.65,70.05,79.76,72.79,215.0,99.2,263.2,908.8,457.4,8.5,0
8.76,7147.4,2865.6,10354.3,442.7,421.9,109.5,23.5,3649.8,10.7,9.97,73,0,4.2,106.7,13.3,81.54,85.49,86.61,90.85,87.57,77.9,15.9,488.7,1714.4,888.3,7.48,0
8.09,9481.4,8770.3,12210.8,1895.0,596.9,227.3,26.1,468.4,18.5,4.42,58,0,4.7,81.6,28.1,67.73,72.4,73.56,82.46,75.47,192.6,62.7,123.8,5810.8,2326.0,7.6,0
8.01,4802.7,1180.3,9392.0,492.8,782.0,210.2,27.7,3520.1,12.4,9.93,75,0,2.0,123.3,27.3,82.25,82.4,88.81,88.6,88.81,138.8,37.0,394.0,917.7,537.5,7.79,0
7.61,8984.6,1392.6,9371.3,352.2,2978.4,777.2,30.8,3319.3,9.3,9.71,47,1,3.1,90.4,26.4,75.38,76.8,79.15,84.51,86.91,733.4,180.3,692.0,1181.0,1175.7,7.1,0
9.91,7505.9,3644.8,12679.8,649.2,861.4,381.7,32.2,231.2,11.4,7.18,74,0,3.0,81.9,15.8,75.44,79.48,79.61,80.51,82.19,211.6,78.3,47.1,2206.7,1336.7,8.56,0
8.71,719.6,3990.9,11052.0,1018.8,549.5,142.9,33.3,2646.4,13.1,7.56,71,0,4.6,99.0,41.7,80.99,79.36,86.14,87.37,88.06,104.5,29.5,366.7,2378.5,85.9,7.67,0
9.52,2570.1,5741.8,3052.4,1562.1,1376.6,577.3,32.2,2133.1,10.3,8.07,42,0,4.4,83.3,26.2,71.83,75.85,79.38,76.84,80.14,387.8,139.4,439.8,3496.8,510.3,8.38,0
10.62,2094.3,5193.0,11454.7,1381.5,7016.9,2173.3,29.1,780.7,15.4,4.77,18,0,1.3,73.3,18.8,34.59,39.26,40.0,48.39,45.0,4590.0,1320.2,468.4,4129.9,1151.9,9.5,0
10.82,2087.5,7659.0,6460.9,303.9,20348.5,6038.0,22.8,1248.9,14.5,1.54,53,1,4.6,22.3,37.4,38.39,39.03,46.7,45.11,49.18,12536.3,3681.3,665.7,6258.2,1060.8,9.02,0
10.61,1395.0,5956.3,10064.8,1823.2,11077.3,2853.6,22.2,904.3,19.4,0.99,38,1,4.0,19.3,22.1,30.0,30.66,40.0,40.0,45.0,7754.1,1978.8,542.6,4317.7,767.2,9.5,0
8.41,1838.0,1302.1,8285.3,1463.9,1721.1,522.7,28.9,1660.3,11.4,4.78,16,1,4.1,54.6,8.6,38.7,39.27,47.22,50.28,48.81,1055.1,317.5,876.2,755.2,940.9,7.38,0
9.16,3630.3,3508.1,5704.6,1656.2,368.4,106.0,23.5,299.1,8.7,5.77,30,0,3.3,50.4,39.0,46.98,44.2,54.37,56.79,52.41,195.4,59.2,136.5,1981.3,1727.6,8.38,0
8.45,4579.6,5141.1,13563.8,1114.0,733.1,361.1,21.6,2293.0,10.3,2.94,76,1,1.2,30.3,30.6,57.55,60.53,62.06,62.63,67.0,311.2,142.5,869.9,3552.3,1511.1,8.29,0
8.06,6774.4,3013.0,4477.9,526.4,1097.0,302.6,32.3,1790.9,11.8,7.83,87,1,3.7,92.7,45.7,78.38,83.22,87.93,93.35,88.65,237.2,50.8,216.1,2513.1,769.0,7.36,0
10.23,4514.1,609.0,4605.9,1238.1,4128.0,1771.7,22.5,1581.4,11.0,1.13,85,0,1.9,12.4,17.1,46.62,47.72,50.12,51.96,53.0,2203.4,926.2,788.8,409.2,2121.4,8.24,0
7.91,4184.0,6387.6,3350.0,1329.2,8884.1,3814.3,21.5,844.1,17.0,1.74,70,0,4.4,29.6,7.7,44.8,45.94,54.59,51.26,53.62,4904.3,2061.9,383.3,4200.9,1940.5,7.61,0
9.4,5452.0,3757.3,10997.6,1284.4,354.0,93.7,34.7,435.8,16.7,1.49,18,0,4.5,24.9,33.4,30.0,33.77,40.0,43.7,45.0,247.8,62.1,261.5,2760.6,2998.6,8.36,0
8.69,911.7,7262.4,8244.0,1081.3,16692.8,5198.8,21.1,1053.7,9.4,7.99,78,0,1.2,75.2,31.0,75.48,80.16,82.93,86.38,84.24,4092.3,1031.6,179.9,5502.0,143.7,8.4,0
8.07,3301.8,2818.5,12661.1,1889.4,500.3,206.9,20.6,546.4,17.9,2.17,21,1,2.5,38.8,27.7,42.14,46.35,48.55,53.54,51.14,289.4,111.0,281.1,1936.4,1613.1,8.26,0
8.26,2177.9,2192.2,6742.4,1795.0,570.9,187.7,25.0,707.9,18.2,6.62,21,0,2.4,120.5,5.8,44.06,45.97,52.68,56.93,52.36,319.3,101.4,335.0,1359.1,1037.6,7.57,0
10.35,4178.6,7753.3,11665.7,1164.2,3890.4,1249.8,24.7,6268.2,8.3,7.02,15,1,2.2,58.1,43.4,38.31,41.82,44.8,47.76,45.0,2400.0,727.1,3459.9,5195.1,2298.2,9.14,0
10.22,6088.2,1718.2,6114.5,1242.8,364.1,192.5,27.5,617.1,18.7,7.3,76,1,3.2,136.8,46.9,77.47,75.92,87.35,84.22,87.36,82.0,46.4,78.0,1103.4,769.8,9.32,0
9.85,3839.3,3720.2,9106.7,940.2,4734.7,1549.6,27.3,450.9,16.9,4.05,80,1,4.5,68.4,37.9,71.08,69.59,76.57,85.39,82.95,1369.2,471.2,105.7,2405.3,654.5,9.41,0
8.4,5836.6,5113.9,14643.1,1817.1,4659.3,1497.9,24.8,229.6,14.2,1.08,37,1,4.3,15.4,15.8,30.0,30.0,40.0,42.5,45.0,3261.5,1048.5,137.8,3121.8,3210.1,7.96,0
9.62,4663.6,5367.1,10218.6,1671.3,2710.3,1448.7,25.4,4364.9,10.0,6.9,56,1,3.4,68.8,24.4,71.4,73.15,76.76,82.17,82.59,775.1,389.0,1014.3,3305.2,811.9,9.42,0
8.13,2864.7,4459.0,5250.7,1475.2,1254.9,531.2,29.9,1159.5,9.4,9.79,73,0,2.1,91.9,27.4,91.92,93.0,95.0,97.0,98.0,101.5,37.2,58.0,2557.4,57.3,8.49,0
8.24,5416.5,5791.4,3161.9,1441.3,395.2,156.1,23.8,4028.3,11.4,7.45,64,0,1.6,84.6,16.7,73.15,76.44,82.84,81.1,80.22,106.1,36.8,691.4,4354.6,1071.4,7.77,0
10.92,2402.4,3643.9,14722.8,1257.4,729.9,326.2,28.4,2262.4,17.7,9.88,76,0,3.8,174.5,48.5,85.26,82.79,93.97,97.0,93.13,107.6,56.2,136.5,2770.6,165.0,9.5,0
8.33,6420.6,4490.4,10483.8,659.6,10143.1,3500.1,34.6,3185.0,15.5,5.23,52,0,2.8,81.2,20.6,53.95,52.83,57.4,61.09,62.21,4671.3,1651.0,1356.8,3493.2,2426.2,8.06,0
10.11,5611.5,7423.0,6244.7,1377.8,2490.1,863.1,28.7,748.7,10.2,3.48,76,1,2.3,35.4,13.3,56.82,57.02,65.78,66.32,64.91,1075.2,370.9,256.2,5369.0,1968.8,9.12,0
7.95,775.9,8223.6,3509.1,1240.2,435.6,109.7,32.0,602.2,8.9,8.84,50,0,2.9,79.1,12.5,76.86,74.98,83.11,85.37,82.03,100.8,27.4,101.7,6762.4,139.4,7.7,0
9.78,1794.3,8131.7,8567.9,609.7,487.8,183.5,25.1,525.8,9.7,7.29,79,1,1.6,70.4,36.8,82.97,81.82,90.41,91.06,94.96,83.0,33.4,50.4,6204.9,90.4,8.68,0
9.2,1835.1,2677.0,6989.5,790.7,5634.2,2103.4,25.5,3349.3,16.7,8.56,45,1,4.6,143.2,12.5,68.52,71.13,73.14,74.25,77.57,1773.8,607.2,899.6,1704.0,411.6,7.91,0
8.15,8336.8,2636.9,6010.7,1384.7,5190.5,2613.2,24.5,346.8,12.3,2.9,53,0,3.8,35.6,8.9,59.25,58.59,63.84,64.45,70.88,2114.9,1082.2,125.4,1633.8,2427.6,7.39,0
10.17,7628.5,7934.0,4862.0,656.5,662.7,278.9,33.5,2204.4,18.6,9.14,82,1,1.1,169.8,45.7,85.41,83.6,94.38,96.47,97.32,96.7,45.7,123.9,5159.7,204.8,9.1,0
10.26,1859.5,5541.5,5744.1,596.9,17472.9,6854.5,32.8,1271.9,14.8,2.91,59,1,2.8,43.0,47.8,53.22,55.35,56.6,63.35,63.6,8173.0,3060.3,552.1,3309.9,676.8,9.28,0
7.9,5931.0,549.6,5262.5,1516.7,1950.7,765.3,33.0,710.9,13.9,5.43,64,1,4.5,75.4,26.6,70.72,71.72,79.27,78.55,78.46,571.2,216.4,147.4,302.3,1277.3,7.71,0
8.77,1559.8,3809.8,12041.1,1274.9,5060.7,2422.3,20.6,1026.2,15.9,5.62,44,0,3.3,89.1,30.9,56.18,54.89,62.76,62.09,67.32,2217.5,1092.7,382.1,2389.8,509.8,8.52,0
9.78,8996.5,2885.4,5961.9,240.4,3030.3,1244.3,32.3,482.7,11.0,0.65,21,1,1.5,7.2,14.8,30.0,30.0,40.0,40.0,45.0,2121.2,871.0,289.6,2381.1,4948.1,8.91,0
7.71,854.1,7964.6,11792.4,846.6,9321.5,3318.8,22.3,471.7,11.0,9.6,60,1,4.7,106.0,13.7,74.24,73.14,80.63,82.13,82.17,2400.9,891.5,91.4,5731.4,152.3,7.59,0
8.65,1266.5,880.4,5524.6,1411.7,389.2,117.9,27.0,3259.3,9.7,8.05,70,0,1.4,78.1,21.6,75.07,79.11,79.89,86.48,84.94,97.0,24.6,655.5,560.2,190.8,8.19,0
9.34,3362.6,8255.2,7609.6,1830.6,1194.6,313.3,25.7,5534.5,8.4,9.13,60,0,1.2,76.9,45.9,78.38,78.14,87.55,86.4,83.47,258.2,68.5,688.8,6904.4,556.0,8.75,0
10.57,3543.8,1113.6,13374.7,828.3,953.5,308.7,32.5,4590.6,16.5,9.33,83,1,3.3,153.9,42.9,74.35,78.51,81.95,82.99,83.23,244.6,66.3,828.8,856.6,594.2,9.48,0
10.28,3265.6,514.1,3973.8,1387.1,10818.4,2968.9,26.1,537.7,18.4,2.54,22,1,2.8,46.6,26.1,30.0,30.0,40.0,40.0,45.0,7572.9,2078.2,322.6,292.1,1796.1,9.5,0
10.16,3300.5,1532.7,5844.9,1821.5,554.3,185.8,28.9,919.2,9.4,9.32,87,1,3.3,87.7,36.8,85.28,83.65,90.39,95.27,92.27,81.6,30.4,88.3,1279.3,255.1,8.86,1
7.68,4812.6,5648.4,11980.6,882.3,409.7,108.7,26.6,409.3,10.7,8.37,70,1,2.8,89.2,40.8,78.56,78.27,87.45,87.27,89.91,87.8,23.6,51.3,3226.8,485.6,7.4,0
7.99,3063.9,7890.8,11074.5,1286.4,14634.9,6464.1,34.3,256.9,18.2,4.34,82,1,2.5,79.1,32.6,67.96,69.28,75.19,79.56,73.3,4689.7,1986.1,63.7,5857.3,818.1,7.77,0
9.8,6458.9,3936.9,11459.7,1350.7,307.2,78.2,21.4,1888.6,17.9,8.76,67,0,1.5,156.5,22.7,84.17,81.76,89.09,93.48,92.51,48.6,14.3,206.0,3081.4,483.5,9.4,0
10.41,6327.3,2972.6,11864.7,1511.1,3774.8,1858.7,30.9,3491.7,16.2,5.49,50,0,2.1,88.8,40.1,61.47,65.32,69.1,69.63,71.89,1454.3,644.5,1078.8,1864.2,1778.9,9.42,0
8.18,1192.6,7805.9,11556.6,1473.3,327.9,98.3,31.9,1942.1,8.3,1.42,49,1,4.2,11.8,21.0,30.0,30.0,40.0,40.91,45.0,229.5,68.8,1165.3,5794.8,655.9,7.69,0
10.31,2137.4,8875.4,3473.5,1209.2,19219.9,5661.3,32.5,257.0,12.6,3.67,57,0,4.0,46.3,39.8,54.8,53.19,59.89,66.63,65.82,8686.8,2650.2,103.1,5241.5,730.5,9.5,0
9.1,5336.6,2077.7,6470.9,498.3,5236.5,2164.6,20.7,942.7,18.7,2.69,81,1,3.9,50.3,27.0,58.44,58.21,68.32,65.72,68.75,2176.1,904.6,298.6,1589.7,1667.4,8.6,0
9.94,3576.8,7723.8,13123.8,1708.8,405.9,202.5,20.3,1109.5,12.7,2.12,46,1,3.8,27.0,33.0,43.26,40.39,51.8,48.37,50.03,230.3,120.7,534.7,4602.3,1787.3,8.9,0
8.64,2125.2,3159.0,7322.8,763.0,358.0,93.9,21.8,406.8,11.7,5.85,23,1,3.5,68.2,15.5,57.15,61.5,61.81,69.66,67.18,153.4,36.2,155.3,2093.6,697.4,7.42,0
10.57,1597.0,3954.5,10401.4,1183.6,497.7,140.0,31.2,2763.0,9.5,9.83,48,1,1.8,93.0,17.0,68.79,71.58,75.5,82.11,78.8,155.3,39.8,676.8,3167.9,338.6,9.39,0
9.29,2821.0,6037.0,14973.9,1408.1,301.4,158.5,33.9,3986.0,14.9,2.72,89,0,3.7,40.5,43.0,68.54,68.51,76.59,74.55,76.08,94.8,49.9,933.1,3526.2,674.6,8.38,0
9.69,8305.6,4406.2,10631.5,1214.1,4387.6,1269.7,32.4,852.8,16.4,6.64,56,0,3.0,109.3,21.2,63.0,61.9,68.54,69.91,70.88,1623.3,483.7,268.3,2954.3,2418.4,8.61,0
8.06,2912.6,1052.1,13601.6,1382.1,2513.0,1045.9,34.5,3234.5,14.3,3.4,73,0,1.1,48.7,46.9,59.72,59.34,66.68,68.77,65.65,1012.1,425.3,1077.7,889.5,1000.5,8.18,0
8.62,6971.4,7136.2,5788.6,784.1,832.7,449.8,23.8,2383.8,13.9,1.0,59,1,2.7,13.9,8.5,32.11,30.0,40.0,46.55,45.0,565.3,314.9,1430.3,4832.0,3834.3,7.73,0
9.82,8142.8,2166.8,6314.0,1995.7,2992.3,1508.9,34.7,1348.9,19.6,1.06,58,0,1.7,20.8,15.6,31.43,30.0,40.0,40.0,45.0,2051.8,1056.2,809.3,1418.5,4478.5,8.75,0
9.97,9213.7,2527.9,12132.1,724.6,20342.7,5320.0,21.9,352.5,8.7,6.59,52,1,2.8,57.1,42.0,62.89,66.45,69.62,73.13,69.41,7550.1,1784.8,107.1,1905.7,2818.9,9.5,0
9.43,4447.5,6908.1,11571.9,765.0,576.6,193.9,20.8,979.2,9.5,6.66,81,0,3.3,63.5,49.3,76.74,76.84,82.33,89.39,85.05,134.1,44.9,173.0,5619.8,665.1,9.11,0
9.29,9389.5,7095.2,13682.6,1708.7,3868.2,2095.6,26.2,319.4,12.8,5.45,43,0,4.7,69.6,40.1,61.32,61.32,68.64,72.64,71.33,1496.2,810.5,100.2,4595.9,2691.9,7.75,0
8.39,8559.4,6352.3,6284.8,1588.8,1410.1,465.3,33.9,2565.8,15.5,8.76,83,1,3.4,135.9,45.1,80.99,85.54,89.33,92.34,92.56,268.0,67.3,273.9,5131.9,637.0,7.75,0
9.74,1161.5,8664.8,12600.0,321.0,722.3,303.9,29.6,470.7,10.6,0.59,90,0,3.5,6.3,19.4,38.28,36.64,47.44,52.4,46.68,445.8,192.6,247.4,6678.0,619.3,8.21,0
10.71,3018.3,7945.7,3827.6,1807.1,947.2,382.1,34.5,3079.5,11.4,9.64,82,1,2.2,109.4,11.6,82.25,83.92,89.22,89.75,93.77,168.2,61.5,331.8,4468.5,188.1,8.57,0
10.07,2071.6,655.0,3898.1,1762.7,429.4,173.1,32.9,1055.7,13.9,7.21,80,1,2.1,100.0,44.0,75.99,73.25,81.09,88.14,81.09,103.1,46.3,199.6,381.4,391.7,8.64,0
9.14,3532.1,6511.3,13823.3,1871.5,1861.7,788.5,31.8,230.2,9.7,0.71,86,1,4.1,6.9,45.3,30.09,32.9,40.0,44.27,45.0,1301.5,529.1,138.1,4891.4,1942.6,8.49,0
9.4,2003.3,2720.1,7963.7,293.6,3481.0,935.0,33.8,698.4,19.5,0.67,88,0,1.4,13.1,22.1,34.63,38.14,40.0,42.1,45.0,2275.5,578.4,419.0,2256.0,1101.8,8.13,0
10.87,3125.0,3471.9,7236.6,1008.3,12591.3,4299.6,23.6,6028.6,12.1,0.65,37,1,3.1,7.8,46.0,30.0,30.21,40.0,41.83,45.0,8813.9,3000.7,3617.2,2625.3,1718.7,9.5,0
9.44,1282.9,5793.8,3788.3,1951.5,329.5,136.4,31.7,663.6,15.0,1.7,46,0,2.7,25.5,34.0,38.07,39.3,41.27,53.0,46.75,204.0,82.8,389.8,3873.2,683.2,7.53,0
10.64,4886.9,1592.5,4613.2,319.6,2796.8,1318.4,26.3,424.7,14.4,6.47,18,0,2.0,93.1,24.5,39.92,41.58,43.82,53.66,46.2,1680.4,770.2,238.6,1344.8,2629.2,9.5,0
10.04,8918.8,7158.9,13983.7,1780.5,627.2,291.6,32.9,622.8,18.2,9.2,78,1,4.8,167.2,40.1,89.33,92.56,95.0,97.0,94.48,66.9,21.7,31.1,4021.3,492.3,9.01,0
10.38,7715.6,8655.3,5713.5,699.4,332.1,121.8,21.2,3461.3,17.1,6.16,70,1,3.1,105.7,48.8,72.15,73.67,75.94,77.51,80.8,92.5,32.1,832.7,6603.5,1481.6,9.33,0
10.62,3371.9,7688.4,8925.8,1756.0,2174.1,1017.1,25.4,1443.2,16.0,6.1,90,0,1.8,97.4,48.5,75.13,72.8,83.79,85.33,83.94,540.7,276.7,234.0,6072.1,541.6,9.05,0
9.34,4137.3,6370.0,6253.2,1689.1,484.0,222.9,28.2,260.6,18.7,2.53,31,0,1.7,47.4,48.8,36.73,33.74,40.67,51.42,47.26,306.3,147.7,154.6,3662.5,2181.9,8.63,0
9.16,7960.0,4523.5,13383.5,1385.7,4651.7,1682.1,22.3,1571.0,8.0,5.66,16,1,3.8,45.3,40.4,38.32,39.02,42.03,45.41,46.43,2869.0,1025.7,910.7,2907.1,4264.4,8.81,0
10.82,6136.0,7005.3,7285.5,478.1,19144.1,8129.0,31.4,398.1,16.3,7.05,84,1,3.9,114.6,24.9,81.8,83.61,87.4,93.5,90.57,3484.5,1332.4,50.2,5194.9,578.8,9.03,0
8.15,9036.1,6755.3,8722.1,209.6,1687.8,610.3,24.6,2653.5,15.9,2.8,77,0,3.5,44.4,32.0,48.91,50.62,54.82,61.91,60.82,862.3,301.4,1198.8,4270.1,3540.2,7.47,0
10.87,604.6,967.6,8239.4,1192.1,5289.4,2864.5,23.6,1327.5,12.3,9.96,76,0,1.6,122.4,7.5,83.42,82.24,88.47,90.96,93.95,876.8,508.7,153.1,741.9,36.6,9.5,0
10.25,8778.7,6710.0,13801.0,1803.5,9957.0,2966.8,32.7,349.4,19.7,4.36,38,0,1.6,85.7,42.0,52.41,52.69,55.85,66.29,58.09,4739.0,1403.5,154.3,4863.3,3679.3,9.17,0
8.51,5812.7,1868.2,3749.5,1500.9,3293.1,1697.1,22.5,240.9,19.6,5.25,70,1,2.1,102.8,38.4,70.65,69.39,78.48,84.8,76.61,966.6,519.5,51.9,1177.0,1359.4,8.51,0
8.48,5876.7,1734.0,3792.1,634.7,8240.8,4149.3,30.3,963.0,19.3,2.9,58,1,2.6,55.9,31.8,53.79,53.67,62.06,67.3,64.25,3807.8,1922.5,365.4,1362.6,2100.9,8.02,0
8.01,2078.3,609.1,12698.8,1834.1,6181.4,2290.6,21.6,1604.4,14.0,1.48,15,0,2.1,20.7,5.9,30.0,30.0,40.0,44.34,45.0,4327.0,1603.4,962.7,471.9,1143.1,7.43,0
7.7,6428.4,8437.3,12051.0,493.0,3409.9,1302.1,22.3,2392.8,19.2,6.96,40,1,4.6,133.7,37.7,60.79,63.51,64.24,71.11,66.53,1337.2,475.1,855.7,4697.1,2151.9,7.94,0
8.51,6075.4,2471.6,14724.1,463.6,2569.5,1089.0,25.3,3901.3,16.5,9.65,52,1,4.9,158.9,21.4,65.97,64.55,72.24,74.48,76.43,874.5,386.1,1082.9,1374.0,1431.9,7.75,0
8.23,5065.1,5366.3,8193.2,852.6,7726.4,2648.9,30.6,3649.3,12.6,2.21,56,0,2.2,27.8,37.3,49.96,47.77,57.26,56.49,57.48,3866.1,1383.7,1559.6,3642.4,2153.9,7.88,0
9.77,7678.0,5112.5,6389.7,1102.3,2728.1,1358.4,25.0,5065.2,15.5,9.06,53,0,3.1,140.1,43.1,72.39,70.75,82.32,82.05,77.55,753.2,397.4,895.6,3136.4,1724.1,8.23,0
8.17,6054.3,5419.8,6480.5,510.5,1678.8,618.4,23.1,683.4,10.8,5.44,52,0,1.4,58.8,7.4,68.06,71.77,76.52,82.71,73.17,536.3,174.5,160.4,4606.7,1624.1,7.33,0
10.9,5688.6,4227.2,12227.1,1377.4,3192.0,1575.4,26.8,1730.8,14.4,3.23,39,0,3.2,46.6,23.7,42.75,42.35,52.15,52.9,53.65,1827.4,908.2,828.2,2747.8,2636.5,9.5,0
9.68,6198.4,591.2,8452.1,620.9,9070.5,2636.8,30.6,1798.8,11.3,1.46,87,0,1.1,16.6,9.7,49.86,50.67,53.77,58.38,59.08,4547.9,1300.7,831.5,369.6,2536.4,8.92,0
9.65,8363.1,7488.0,8667.4,695.5,489.3,259.3,26.8,1529.9,13.8,1.31,84,1,3.7,18.1,37.9,45.97,49.01,53.04,60.38,51.53,264.4,132.2,718.5,6221.4,4053.2,8.61,0
7.55,4367.3,9298.1,12772.7,381.9,375.5,104.5,34.1,1141.6,12.5,9.38,84,1,4.0,117.5,25.1,88.46,92.7,95.0,97.0,94.13,43.3,7.6,57.1,6639.2,256.3,7.3,0
8.48,7785.6,3699.4,8495.9,381.8,2318.1,917.2,29.7,914.9,16.7,4.69,82,0,1.1,78.6,26.0,67.93,70.97,72.16,79.47,74.92,743.4,266.2,254.8,2038.4,1952.3,7.88,0
10.3,5319.7,5502.7,9399.6,796.8,305.6,90.8,28.1,1441.8,14.4,9.97,63,1,2.8,143.2,36.4,73.04,76.44,80.15,84.73,81.0,82.4,21.4,286.2,4092.9,1010.9,8.98,0
10.87,8330.9,8482.3,8192.7,1267.7,3594.7,1259.3,24.8,2289.9,15.8,9.18,86,1,4.9,145.1,18.2,80.03,81.71,89.07,93.99,89.12,718.0,230.4,250.3,5260.4,906.3,9.5,0
10.22,7668.8,4624.7,10879.6,1585.0,1786.8,653.6,27.7,447.9,8.9,6.9,18,1,3.9,61.2,31.3,47.59,47.82,57.06,60.42,56.08,936.4,341.1,192.3,2619.5,3368.0,9.22,0
8.62,4335.6,802.5,5968.1,1228.3,415.7,222.1,32.1,3134.2,11.8,4.76,83,1,4.2,56.0,36.1,71.21,70.65,78.52,80.2,82.37,119.7,65.2,673.3,589.5,764.4,8.09,0
8.77,7751.0,8225.1,3145.9,825.5,652.3,249.8,25.1,200.2,18.3,2.87,55,1,4.5,52.5,35.2,47.04,49.77,54.2,52.2,56.89,345.4,125.5,91.7,6685.9,3341.4,8.35,0
8.52,3516.8,7075.9,7655.8,1518.3,797.0,246.9,22.9,1204.9,18.9,8.99,41,1,2.0,170.4,33.8,74.14,77.12,78.35,83.5,80.37,206.1,56.5,260.8,4772.3,690.2,8.09,0
8.97,3854.2,6280.9,5959.2,1942.0,432.6,152.7,29.2,6105.5,15.7,8.71,68,1,3.0,136.6,32.8,78.91,82.99,82.82,91.21,87.88,91.2,26.0,1049.0,3883.5,467.2,8.65,0
10.19,2484.4,6043.9,11130.5,1753.4,551.9,277.7,33.7,2103.7,8.9,6.37,37,0,4.5,56.5,12.6,63.17,63.27,69.48,73.74,71.63,203.3,102.0,642.0,3363.4,704.7,8.21,0
8.53,3085.2,7033.8,6787.5,505.5,16309.6,4136.1,28.8,317.9,12.0,7.11,25,0,2.8,85.4,34.5,58.49,61.76,65.34,71.43,65.79,6770.0,1581.7,110.2,5974.3,1055.5,7.96,0
10.91,8258.4,877.6,4071.5,1214.1,1413.4,463.1,29.6,3534.9,9.2,3.92,57,1,3.8,36.1,43.7,52.51,57.05,58.28,64.7,63.77,671.2,198.9,1474.7,695.4,2992.2,8.99,0
10.2,6512.8,3807.8,9135.3,1942.5,1229.3,450.0,31.3,6203.4,9.9,5.56,16,0,4.3,55.2,44.6,38.06,36.04,47.47,43.53,48.49,761.4,287.8,3258.8,2341.8,3354.4,8.98,0
7.59,6292.2,1868.9,10956.6,761.4,1693.4,653.4,30.5,369.6,19.4,2.9,22,0,3.0,56.3,37.6,30.0,34.96,40.0,40.0,45.0,1185.4,425.0,221.8,1533.8,3460.7,7.72,0
10.83,1065.3,6713.6,3948.1,1290.7,620.5,284.8,29.9,2417.5,17.8,7.27,77,1,3.6,129.1,41.8,70.36,71.26,76.02,83.4,78.21,183.9,81.8,579.6,4426.2,232.1,9.5,0
8.35,6842.1,2168.0,14764.4,413.6,5002.1,2513.5,29.8,985.7,16.3,4.84,32,0,4.0,78.9,8.0,51.23,51.0,57.51,64.45,61.01,2439.8,1231.6,418.9,1831.8,2667.8,7.98,0
10.62,7577.1,6700.0,6211.1,476.6,598.8,163.1,23.1,2056.2,12.1,3.69,40,1,2.6,44.7,11.7,50.78,54.87,56.62,65.24,61.02,294.7,73.6,891.9,5674.0,2953.9,9.3,0
9.13,6020.7,584.0,4492.4,838.9,12186.7,5857.2,28.5,752.4,13.1,4.69,45,0,2.7,61.2,7.6,58.98,60.58,67.29,69.58,70.18,4999.0,2309.2,246.1,426.9,1795.5,8.49,0
8.03,4584.1,6484.9,13351.7,1965.0,6649.2,3384.6,22.2,223.4,15.0,6.87,56,1,1.6,102.9,41.9,73.12,76.97,82.98,87.94,84.92,1787.1,779.6,38.0,4641.8,691.4,7.68,0
9.1,6017.1,5763.3,3143.8,1817.8,1153.3,447.2,29.8,279.2,10.1,8.23,67,0,1.6,83.5,27.1,78.64,83.55,85.09,90.18,86.86,246.4,73.6,41.6,3453.1,790.7,8.58,0
10.34,7349.2,8241.3,9925.5,1569.0,1710.0,795.5,30.5,5073.1,10.0,2.21,52,1,2.1,22.0,23.6,40.3,40.19,48.73,52.53,46.25,1021.0,475.8,2600.8,6580.1,3949.9,9.04,0
8.4,7053.7,6434.2,10030.4,260.6,528.3,219.4,20.3,2159.0,16.2,3.24,16,0,3.6,52.7,19.3,30.0,33.54,40.0,40.0,45.0,369.8,145.8,1295.4,4481.2,3879.5,8.14,0
7.56,9330.7,7985.3,6296.4,1168.4,1551.1,650.9,23.0,4409.7,14.5,4.65,79,0,4.6,67.5,26.6,72.7,73.84,77.33,80.23,84.66,423.5,170.2,999.6,6370.6,1431.3,7.26,0
9.42,8957.6,9004.1,11684.5,934.4,399.1,179.5,26.8,1249.3,19.7,9.7,85,0,3.3,190.7,45.5,86.3,83.78,95.0,97.0,93.86,54.7,29.1,62.5,7409.5,549.9,8.82,0
10.28,667.7,1924.3,7690.9,642.3,809.4,256.0,24.1,319.8,8.6,8.6,73,1,4.0,73.6,49.6,76.53,77.02,81.26,83.62,82.08,190.0,58.8,59.9,1175.7,119.6,9.3,0
9.26,4350.0,5380.1,6448.9,1645.1,3552.1,1440.0,23.9,4236.3,14.0,7.55,71,0,2.9,105.5,39.6,80.31,78.16,84.61,86.17,88.04,699.4,314.4,651.8,4227.1,520.1,8.2,0
7.68,1908.3,8213.9,7656.0,1158.3,1276.7,510.0,21.4,436.0,19.4,7.85,67,1,3.7,152.0,33.8,71.44,73.68,78.25,76.98,81.26,364.6,134.3,94.8,4691.3,357.7,7.61,0
8.18,896.1,4915.0,3960.3,1176.1,781.1,296.3,34.1,409.5,14.8,7.5,61,0,3.7,111.1,34.1,66.35,67.23,75.63,77.65,73.94,262.8,97.1,99.8,3891.6,233.5,7.93,0
10.74,1459.4,4653.3,9037.0,256.1,5442.9,2443.8,28.9,2773.1,19.8,1.16,63,1,2.6,22.9,25.2,33.79,36.36,40.0,43.52,45.0,3603.5,1555.2,1663.9,3165.3,802.7,9.5,0
7.73,1767.7,6484.2,14808.2,641.6,423.6,188.0,22.8,4595.5,8.6,2.83,69,1,4.5,24.2,8.5,52.54,51.82,61.71,66.48,60.9,201.0,90.5,1759.7,3729.7,691.1,7.51,0
10.52,2579.7,3614.9,6309.2,1012.3,5683.1,1768.7,23.5,1643.9,14.8,3.48,59,1,3.4,51.7,7.8,41.53,42.44,44.99,48.79,47.62,3322.9,1018.1,904.4,2493.4,1351.3,9.21,0
8.63,7324.1,3811.5,6187.0,1037.0,4362.2,1220.8,31.7,1388.9,11.9,3.71,76,0,1.9,44.2,47.3,64.36,65.52,74.28,77.44,71.89,1554.6,421.0,357.2,2289.1,2059.0,7.8,0
7.89,5779.5,6370.6,10862.1,1952.8,309.0,167.7,30.0,1113.9,19.8,2.92,45,1,2.9,57.8,22.0,48.08,45.59,57.25,57.28,59.65,160.5,91.3,476.2,5030.1,2332.0,7.26,0
10.89,8050.1,6357.9,4686.6,1412.6,1585.7,802.7,30.1,699.7,10.0,4.76,45,0,3.9,47.8,26.1,60.07,57.3,68.68,74.42,70.0,633.2,342.8,219.2,5304.1,2414.9,9.45,0
10.68,9149.6,6112.3,13003.8,1453.6,4168.3,1096.0,25.2,224.5,14.4,7.2,81,0,3.2,103.5,46.4,80.03,82.27,89.6,92.56,90.83,832.5,194.3,23.4,3801.4,838.9,9.5,0
10.05,6374.7,8804.8,8800.9,898.1,523.3,184.7,27.5,5870.5,14.5,9.53,69,1,3.9,138.6,40.3,79.02,77.46,87.48,89.53,85.04,109.8,41.6,735.2,5027.4,953.8,8.99,0
10.02,5963.8,4517.8,12769.5,291.0,835.8,437.6,34.5,422.8,16.8,7.84,19,1,4.2,131.6,15.1,51.87,49.24,58.74,64.11,61.65,402.2,222.1,174.4,2663.4,2286.9,8.66,0
8.57,8733.6,4093.8,7626.1,595.2,19067.7,6925.6,28.8,1427.1,15.4,3.08,53,0,4.6,47.3,18.6,39.49,42.38,46.21,44.68,46.57,11538.1,3990.8,767.6,2423.6,4666.1,7.96,0
10.57,6602.9,2630.1,14050.0,1869.5,1427.8,729.9,22.2,735.6,8.1,8.34,70,1,1.3,67.3,46.7,77.06,78.82,86.64,87.63,87.04,327.5,154.6,98.2,1964.1,856.1,9.5,0
7.66,5583.6,4072.8,8866.8,905.3,13155.2,6910.4,34.4,231.5,16.6,5.07,58,0,3.1,84.3,37.1,74.21,77.17,81.65,83.5,84.79,3393.0,1577.5,42.5,2334.0,849.1,7.34,0
9.23,6471.8,8078.3,9500.5,972.1,1026.0,550.1,32.3,215.5,18.9,3.05,79,1,1.6,57.5,36.9,50.75,52.58,53.86,57.58,61.55,505.3,260.8,99.5,4810.5,2488.3,8.2,0
8.38,5850.3,8749.7,6717.7,603.8,3178.1,1582.4,20.4,3202.8,16.3,3.43,26,1,4.7,55.8,21.9,48.08,48.0,54.38,60.75,57.02,1650.1,822.8,1461.3,6305.2,2514.5,7.79,0
10.83,4562.5,1063.9,10687.4,457.4,305.4,96.4,32.3,240.7,10.1,9.82,86,0,4.1,99.6,44.9,84.92,84.8,94.76,91.29,95.38,46.0,14.6,12.6,897.6,210.8,9.5,0
7.98,6106.7,3671.4,7027.3,1156.6,12599.4,5205.3,23.7,5937.6,12.7,6.73,46,1,1.4,85.5,17.4,68.36,66.25,74.87,75.95,79.52,3986.4,1756.6,1492.4,2246.6,1250.8,8.37,0
8.06,4904.8,1385.6,3752.3,272.6,382.2,144.9,26.2,598.6,15.2,2.0,58,1,3.5,30.3,24.4,43.46,41.34,48.62,58.44,49.07,216.1,85.0,307.6,1133.1,2497.9,7.31,0
7.68,8365.0,7342.6,7885.3,764.9,6638.7,3263.1,34.8,334.2,16.5,3.55,33,0,4.4,58.5,20.7,47.28,46.67,52.09,61.81,59.02,3499.9,1740.1,160.1,5320.3,3428.4,7.61,0
8.82,5226.5,4270.5,3821.5,952.7,4202.8,1639.8,24.3,313.3,13.7,6.11,59,1,1.8,83.8,46.7,58.18,57.56,65.28,63.33,65.9,1757.7,696.0,108.8,2369.4,1782.4,8.45,0
10.64,3533.0,1498.9,4580.6,258.4,1844.3,858.4,30.4,5428.9,16.7,7.53,43,0,4.4,126.0,29.8,68.78,66.03,72.78,76.43,77.91,575.9,291.6,1478.0,1216.3,780.6,9.45,0
7.89,7698.7,1409.4,7304.6,1250.7,13746.6,7069.5,22.1,388.7,16.4,6.72,77,1,3.9,110.5,25.3,77.1,75.59,86.11,90.99,88.71,3148.2,1725.6,54.0,952.0,868.9,8.13,0
8.76,4221.9,1530.4,5403.4,753.0,1868.5,558.7,23.6,1127.5,11.2,4.17,46,0,2.5,46.4,48.0,59.67,56.83,66.96,72.23,68.8,753.7,241.2,372.6,1259.3,1317.1,8.44,0
10.52,2725.1,2544.6,7612.3,1385.6,7575.4,2994.2,27.7,1396.5,12.0,8.68,21,1,4.6,104.3,12.4,54.29,55.76,63.09,67.92,60.77,3462.3,1324.5,515.5,1486.8,1069.1,9.5,0
7.59,617.0,9168.0,14768.9,875.8,900.0,249.2,34.8,440.0,12.4,4.69,21,0,2.0,58.0,43.9,42.36,45.06,47.08,49.94,53.51,518.7,136.9,232.9,5199.7,286.9,7.37,0
7.58,1462.8,4366.9,4989.0,1080.9,10603.0,2926.6,22.2,1002.6,16.6,2.65,75,0,3.1,44.0,44.2,53.17,57.12,57.31,63.99,65.1,4965.0,1255.1,428.1,3452.8,510.5,7.47,0
8.96,1754.2,3256.3,11121.9,1316.9,952.6,359.2,32.3,1436.8,10.6,7.89,45,1,5.0,83.5,21.0,66.02,63.25,75.98,74.49,71.93,323.7,132.0,345.2,2479.4,492.5,7.49,0
9.18,8270.0,3549.7,8203.0,1720.4,19515.2,8577.2,24.7,4730.0,18.6,5.95,31,0,2.5,110.7,14.6,51.43,52.96,58.66,56.74,60.02,9478.8,4034.8,1955.5,2738.5,3306.4,8.96,0
8.78,4083.5,9118.6,8502.3,234.4,10029.8,3690.9,31.4,508.2,11.6,4.4,20,0,1.0,51.2,12.8,38.16,43.09,45.85,50.71,46.19,6202.8,2100.4,275.2,6770.6,2197.3,8.23,0
8.62,1202.5,2602.7,4426.6,748.4,1385.9,346.6,30.8,440.8,18.7,7.91,65,0,3.2,148.2,18.1,82.83,87.41,90.59,95.48,94.35,238.0,43.6,41.5,1542.3,68.0,8.17,0
8.91,8360.8,2658.9,11335.1,543.1,3302.5,1227.5,20.5,718.8,17.0,6.96,74,0,3.0,118.1,18.2,78.1,80.97,86.35,85.05,88.27,723.4,233.6,98.1,1921.5,981.0,8.26,0
7.85,6052.3,717.7,3914.9,765.0,708.6,267.6,31.9,298.7,12.4,1.99,35,1,2.5,24.6,38.2,30.51,34.78,40.0,40.0,45.0,492.4,174.5,179.2,427.0,3328.8,8.17,0
10.76,5428.3,2158.0,11752.1,1471.2,442.4,233.6,33.8,408.1,10.8,7.27,68,1,2.3,78.8,35.9,74.37,76.27,83.54,80.07,80.49,113.4,55.4,67.2,1776.9,1059.1,9.35,0
10.57,8888.3,4846.7,12517.7,1747.6,3322.6,1763.0,20.7,615.0,9.4,8.6,66,1,4.4,81.2,37.7,70.79,70.74,79.13,80.52,77.69,970.6,515.9,128.4,2950.4,1982.9,8.79,0
7.79,5377.1,7137.6,3652.0,370.9,690.6,270.7,21.5,1666.9,16.3,4.37,54,0,1.7,71.2,10.5,60.72,62.13,67.76,68.7,69.49,271.3,102.5,537.5,5936.1,1640.8,7.74,0
8.19,557.5,3510.6,9007.2,1598.7,600.5,186.8,34.0,4590.0,17.8,6.37,35,1,3.4,113.8,37.6,60.34,61.06,66.92,72.76,69.48,238.2,72.7,1518.6,2422.2,170.1,7.81,0
10.57,4880.0,1405.7,14051.9,688.9,2104.4,862.8,22.8,3683.3,11.0,4.35,21,1,4.0,47.7,14.1,37.36,36.11,46.74,50.26,48.21,1318.2,551.2,1961.6,843.6,2527.3,9.5,0
7.64,2352.6,7285.7,9586.3,1445.6,1267.8,578.5,27.4,487.3,10.7,4.47,27,1,3.1,47.8,12.7,42.44,39.82,52.35,51.63,50.61,729.7,348.2,232.2,4943.4,1162.0,7.82,0
8.12,1110.5,4968.2,5363.1,1572.4,369.0,132.5,34.0,3500.7,16.8,3.67,15,0,4.9,61.5,23.1,34.42,39.14,41.48,42.13,45.0,242.0,80.6,2048.4,3156.7,610.8,8.19,0
9.0,1733.4,2021.0,9293.1,369.2,1402.2,692.3,22.6,272.5,17.6,8.17,87,1,3.7,143.5,14.1,81.48,83.02,85.8,86.84,90.61,259.7,117.6,38.7,1360.0,162.8,8.7,0
9.7,2478.8,7086.3,5462.8,1117.7,1446.7,651.9,25.2,208.2,15.4,7.48,88,1,3.0,115.0,6.0,82.81,84.46,89.29,89.36,92.26,248.7,101.3,22.3,5864.3,191.8,8.38,0
10.38,5969.6,7700.6,3119.1,1785.8,3320.3,1661.0,27.4,2220.4,12.0,1.17,52,1,2.3,14.1,22.8,33.57,38.54,40.0,46.42,45.0,2205.6,1020.8,1332.2,4610.3,3283.3,9.35,0
8.63,2637.9,5997.0,8403.1,1554.3,1439.5,427.4,22.1,276.3,9.8,4.57,53,0,3.9,44.8,23.9,55.94,55.38,61.19,69.23,62.74,634.3,190.7,107.3,3438.9,982.8,7.91,0
10.78,7404.7,7295.4,12866.2,1100.6,20800.2,7931.4,22.2,488.5,15.3,2.89,79,1,3.4,44.2,7.0,49.57,51.55,53.89,58.3,60.97,10490.3,3842.6,225.2,4903.4,2890.0,9.5,0
8.22,8097.5,3020.3,13873.0,976.2,10922.0,5897.8,23.9,1333.1,16.6,7.03,32,0,3.6,116.9,21.6,51.53,51.83,57.74,63.11,60.09,5293.5,2841.0,563.3,2212.8,3231.9,8.16,0
10.64,1731.4,1148.8,8960.3,1720.8,1004.9,350.1,34.7,489.9,18.7,3.25,88,0,4.1,60.9,12.3,61.06,65.76,69.92,70.31,70.41,391.3,119.9,147.4,665.5,512.3,8.56,0
9.23,2344.9,1113.6,8907.9,319.8,2166.3,593.9,24.6,318.2,19.7,9.1,26,0,2.5,179.6,9.5,65.97,63.87,75.9,76.47,76.01,737.2,214.6,76.7,888.8,562.6,8.11,0
10.98,7064.6,704.2,13718.6,1503.8,1347.5,627.7,26.6,5822.3,12.4,7.87,88,1,2.8,97.7,47.7,80.36,81.79,83.98,89.06,91.59,264.7,114.3,932.7,551.1,594.5,9.47,0
8.52,8040.4,1145.0,14723.6,1937.8,1444.5,552.3,30.6,710.0,17.8,9.42,70,0,1.7,167.3,8.8,78.03,76.21,81.55,90.64,88.18,317.4,131.4,131.0,809.4,950.4,8.04,0
9.57,4784.5,4050.3,14150.7,1450.4,452.3,171.0,33.7,891.1,18.8,2.35,20,0,2.8,44.2,5.8,30.0,30.0,40.0,40.0,45.0,316.6,119.7,534.7,2898.1,2631.4,8.65,0
10.93,4019.7,2413.8,5819.7,788.2,1088.7,436.9,23.2,1347.7,8.4,7.8,38,1,5.0,65.3,30.2,62.84,63.91,69.53,68.73,73.5,404.6,157.7,410.6,2027.6,1065.2,9.0,0
10.92,2065.1,2322.3,12685.9,1320.7,421.8,118.9,29.3,3664.6,19.4,2.41,37,1,3.9,46.7,44.7,42.37,42.24,51.83,56.91,49.81,243.1,68.7,1765.0,1662.8,1036.5,9.5,0
9.96,8711.3,6360.3,5342.9,415.8,6395.6,2756.3,22.3,1322.7,15.4,2.12,54,0,1.5,32.6,44.7,45.09,42.84,50.28,51.22,56.36,3511.7,1575.6,657.6,5296.1,3801.3,9.5,0
9.92,7660.1,8558.3,13095.6,822.7,920.6,354.7,22.8,475.6,14.6,8.71,74,0,3.2,126.8,14.3,74.84,75.31,80.7,81.32,84.72,231.6,87.6,91.8,5182.1,1170.1,8.3,0
9.89,2838.2,5162.7,8516.0,1981.0,1625.9,423.3,32.8,359.2,17.0,7.56,21,0,2.9,128.2,43.3,52.64,50.52,59.76,65.26,61.53,770.0,209.4,144.6,4091.8,1091.9,8.87,0
10.06,8843.3,4199.2,5572.9,1649.8,14993.0,6644.5,20.4,1527.8,12.9,5.21,45,0,2.0,67.4,24.4,54.2,54.05,57.82,64.88,64.53,6866.8,3053.0,644.4,2848.9,3137.1,8.3,0
9.55,9421.3,2001.7,13965.5,580.0,17228.3,7022.2,26.2,1127.4,10.7,1.05,25,1,2.4,11.3,7.3,30.0,30.0,40.0,44.59,45.0,12059.8,4915.5,676.4,1133.0,5181.7,8.57,0
8.88,8100.9,9216.4,11244.2,1324.3,4568.4,1214.5,21.1,2349.0,11.7,1.7,24,1,4.2,19.9,5.4,31.02,35.09,40.9,42.45,45.0,3151.2,788.3,1388.2,5790.2,4455.5,8.24,0
8.75,4044.8,7464.9,6567.5,1666.4,2631.3,1289.5,21.8,5722.2,8.7,4.62,66,1,2.9,40.0,35.8,63.37,66.55,72.18,70.25,74.11,963.8,431.4,1591.7,5942.1,1047.4,8.29,0
8.55,7967.7,599.3,10363.2,481.7,10264.9,3684.9,34.9,519.7,13.9,4.05,85,0,2.6,56.2,32.5,75.84,77.74,80.21,86.4,86.83,2480.3,820.1,102.8,418.3,1049.1,7.99,0
9.99,1757.4,1512.0,9090.3,1965.4,534.5,263.4,27.9,2924.0,17.7,9.71,81,1,2.1,171.5,47.9,82.84,84.46,86.9,94.29,89.13,91.7,40.9,382.9,1134.4,190.9,8.44,0
8.69,3508.2,845.8,4475.0,863.0,1660.2,901.8,29.8,4596.7,13.2,0.56,72,0,3.7,7.4,45.9,34.47,35.94,42.05,41.33,45.0,1087.9,577.7,2663.9,626.8,1929.5,8.87,0
8.56,798.5,3600.7,10068.1,386.0,1277.4,596.6,32.1,442.8,11.3,7.63,64,0,1.8,86.0,42.1,85.53,86.65,89.13,95.28,94.18,184.9,79.7,48.1,2524.2,46.4,8.23,0
8.28,8014.4,6115.1,12941.6,1536.1,757.1,267.0,25.3,4934.1,18.3,6.28,32,1,1.9,115.2,7.1,56.72,54.81,60.64,67.1,64.91,327.7,120.6,1942.2,4924.1,2812.1,7.74,0
9.87,3768.6,973.9,11012.9,1196.0,1026.9,553.6,29.8,244.4,16.2,7.93,81,1,4.0,128.1,50.0,78.04,79.6,87.16,84.52,87.41,225.5,113.0,31.4,794.8,474.5,9.07,0
9.32,9471.9,7934.6,5335.5,941.5,3297.5,964.1,31.0,1118.6,18.4,0.8,64,0,1.0,14.6,25.2,34.09,37.16,40.0,47.52,45.0,2173.4,605.9,671.2,5834.5,5209.5,8.78,0
10.29,2450.7,6556.7,3845.9,688.7,1257.6,558.6,23.1,282.2,14.2,9.5,44,1,1.9,134.9,38.1,72.55,69.99,76.08,78.54,82.86,345.2,167.7,67.5,3915.4,420.1,9.4,0
10.84,6397.2,7647.8,7776.1,501.5,9355.2,4900.6,23.7,1664.9,12.3,1.12,44,1,1.8,13.7,48.4,30.0,30.0,40.0,40.0,45.0,6548.6,3430.4,999.0,5857.8,3518.4,9.14,0
10.64,7090.0,3168.8,6811.0,788.0,17981.9,6329.7,32.2,3525.8,12.9,4.08,48,1,2.3,52.5,33.2,52.27,54.16,62.09,63.29,57.97,8582.2,2901.3,1336.5,2654.7,2980.0,9.1,0
8.59,7699.2,1692.7,8552.1,1039.4,759.7,215.0,22.2,399.8,10.5,6.99,76,1,1.1,73.3,33.9,77.61,75.74,85.52,83.82,85.94,170.1,52.2,57.9,1370.9,1082.5,7.88,0
9.36,6501.8,8170.4,4216.5,892.3,11655.3,3137.9,22.6,1610.8,18.5,4.39,37,1,2.5,81.3,30.2,49.54,48.88,58.26,60.42,55.91,5881.6,1604.0,672.4,5082.1,2866.6,7.96,0
9.56,1684.1,9311.9,11414.0,739.9,13579.6,7429.2,27.3,313.5,15.5,5.65,53,1,3.8,87.5,19.8,68.15,71.94,72.59,76.94,78.57,4325.0,2084.3,85.9,5928.5,360.8,9.15,0
10.3,1507.3,7744.2,6451.6,1024.3,391.1,129.9,21.8,3510.8,8.7,9.15,65,0,4.0,79.4,26.9,82.71,83.17,86.05,95.86,91.34,67.6,21.9,489.6,5339.0,130.5,8.73,0
10.13,7246.9,1013.5,14774.1,869.9,617.4,226.1,27.3,283.4,20.0,8.65,66,1,3.0,172.8,42.1,69.53,69.84,73.24,81.06,79.97,188.1,68.2,75.8,704.2,1451.3,8.25,0
9.5,4715.9,3990.4,6028.4,961.1,318.3,161.6,34.5,574.7,8.6,9.71,90,0,2.6,83.3,49.1,92.0,92.58,95.0,97.0,98.0,25.5,12.0,28.7,3169.7,94.3,8.5,0
10.0,8201.3,5023.1,5438.7,1779.2,1279.1,341.2,22.4,578.9,8.9,4.71,77,0,1.6,42.1,48.8,77.41,75.76,84.64,91.87,85.18,288.9,82.7,88.9,3884.2,1215.4,9.16,0
8.66,677.4,6268.7,14328.5,1739.0,4274.8,2095.9,33.7,1829.5,9.7,2.53,18,0,3.6,24.5,10.6,30.0,33.04,40.0,40.0,45.0,2992.4,1403.5,1097.7,3798.4,372.6,8.04,0
8.0,8546.9,2282.9,8770.7,1550.5,5336.5,2398.4,29.3,5487.8,13.9,2.39,51,0,1.6,33.2,43.0,52.73,57.15,60.41,59.13,59.26,2522.4,1027.6,2172.7,1643.4,3481.8,6.77,0
9.74,5420.3,7685.4,11221.6,967.0,809.2,308.9,33.3,1189.3,16.5,3.72,32,0,1.8,61.4,25.6,48.48,45.54,55.39,59.13,55.24,416.9,168.2,530.6,4508.8,2426.0,8.42,0
9.39,1761.0,2652.6,11672.5,1591.1,6249.5,2197.6,22.2,347.9,19.4,5.53,58,1,4.0,107.3,26.6,62.44,65.43,68.83,70.49,70.65,2347.1,759.8,108.4,2110.9,516.9,8.47,0
10.34,1317.7,7668.5,10806.1,1243.9,652.1,180.9,34.4,331.4,9.5,9.37,78,0,2.0,88.7,16.0,77.81,75.16,83.2,88.77,83.7,144.7,44.9,55.7,6136.1,214.8,9.29,0
7.63,6346.8,4113.4,10141.6,1292.3,420.1,111.7,28.8,433.8,12.8,7.09,20,1,1.0,90.5,46.9,51.56,56.3,59.62,58.07,61.86,203.5,48.8,175.2,3124.7,2420.6,7.17,0
8.19,4748.6,3249.7,10514.8,571.3,355.8,189.1,32.9,846.2,8.5,2.73,20,1,4.1,23.3,37.0,33.12,36.23,40.0,44.98,45.0,237.9,120.6,507.7,2121.3,2611.7,7.43,0
10.0,9100.9,529.0,12398.4,1044.4,15996.2,8436.3,34.5,261.6,14.1,7.11,50,0,2.0,100.1,40.4,71.33,73.72,81.06,77.14,80.52,4585.4,2216.9,49.5,353.4,1772.7,9.5,0
9.94,4117.4,4644.9,13204.2,1443.6,2044.7,680.9,20.1,625.2,12.9,9.82,32,1,3.0,126.2,48.1,64.87,67.2,71.71,78.76,76.69,718.2,223.3,176.9,3461.2,959.9,8.61,0
7.89,8632.0,4831.2,9637.6,1655.6,465.0,253.5,20.9,1877.9,12.0,8.43,83,0,2.4,101.3,37.9,91.99,93.0,95.0,97.0,97.98,37.3,17.7,93.9,3757.3,174.1,7.77,0
7.82,7911.2,1690.2,11262.3,587.3,1275.3,615.0,24.7,223.0,19.6,7.02,84,1,4.4,137.6,36.0,78.22,76.46,85.07,91.87,90.05,277.7,144.8,33.3,1308.2,787.2,7.48,0
8.81,7438.3,5210.5,14021.1,1042.5,779.2,312.1,26.4,307.7,13.3,6.71,67,1,4.4,89.0,45.0,69.44,67.99,77.78,77.5,76.75,238.1,99.9,68.4,3442.4,1729.3,7.79,0
7.62,2102.3,5188.6,12142.8,1173.6,2188.0,778.3,24.9,2613.0,9.4,0.89,33,0,1.9,8.4,7.8,30.0,32.35,40.0,40.0,45.0,1531.6,526.5,1567.8,2997.1,1156.3,7.11,0
8.47,1599.0,3033.7,7854.3,1682.4,12373.2,4264.9,25.5,264.4,19.3,1.43,35,1,4.5,27.5,31.6,30.0,32.55,40.0,40.0,45.0,8661.3,2876.7,158.7,1756.0,879.4,7.98,0
10.13,3208.7,4431.7,14417.2,426.8,454.9,241.8,30.0,4115.1,14.3,6.15,87,1,4.5,87.8,26.2,82.92,81.21,88.39,90.84,91.52,77.7,45.4,478.0,2859.9,272.1,8.89,0
7.64,1185.2,7744.9,12422.3,433.4,378.3,137.3,31.0,1481.1,16.4,4.89,56,0,4.1,80.3,16.9,55.57,58.23,60.63,66.32,63.42,168.1,57.4,583.1,6037.6,433.5,7.83,0
10.7,660.9,8066.3,5390.6,1459.4,2280.3,628.5,32.4,250.4,14.2,6.09,54,0,1.4,86.3,28.7,61.15,65.98,70.1,67.84,66.66,885.9,213.8,74.9,6109.6,220.4,9.5,0
9.67,5998.8,8622.1,14235.4,1867.6,312.9,88.8,28.1,1262.9,16.0,2.69,23,0,1.7,43.1,34.1,35.97,40.16,40.0,44.16,45.0,200.4,53.1,757.7,7113.6,3299.4,8.77,0
10.83,798.8,7898.9,12730.5,319.1,8254.5,2303.1,30.6,340.2,11.7,2.7,45,1,3.5,31.5,11.2,34.9,39.66,40.0,48.46,45.0,5373.5,1389.7,204.1,5478.8,439.4,9.5,0
9.32,8303.3,3516.9,12930.1,1812.0,15781.3,7416.4,28.7,2906.0,9.9,9.19,23,0,2.7,91.0,35.7,52.24,53.5,55.59,59.28,63.26,7536.9,3448.8,1290.5,2856.3,3050.9,8.88,0
10.65,5680.3,7355.3,7252.8,1889.4,718.1,335.9,22.2,3497.5,14.1,7.84,89,1,1.0,110.9,29.1,82.32,82.32,87.04,94.29,92.18,127.0,59.4,453.3,5428.0,444.1,9.5,0
10.63,8582.5,3741.2,7167.3,411.0,3186.7,1124.2,25.3,624.6,18.8,7.09,67,1,2.6,133.5,28.8,68.88,66.3,76.25,77.22,76.39,991.6,378.9,148.3,2089.1,2026.4,9.5,0
10.88,1309.0,2390.0,5734.7,698.8,799.5,406.8,25.4,3640.1,9.1,7.71,75,0,3.5,70.5,22.0,83.34,84.19,89.21,96.91,92.59,133.2,64.3,392.6,1522.6,97.0,9.17,0
8.68,6284.2,5229.3,6199.3,1740.2,310.3,149.6,31.5,5285.5,17.9,9.71,67,1,3.2,173.5,26.7,74.56,78.45,78.4,81.27,83.0,78.9,32.2,1141.7,3686.3,1068.1,8.63,0
7.52,6201.3,7825.7,3106.4,452.6,1054.3,498.8,22.5,733.1,10.3,8.74,24,1,3.4,89.8,35.1,55.02,53.43,61.87,68.62,61.33,474.2,232.3,279.6,6507.2,2398.3,7.55,0
7.65,2793.5,8516.7,13568.2,1265.9,1227.8,364.1,27.7,3594.5,13.9,9.6,85,1,3.3,133.6,48.0,77.51,80.86,83.63,84.01,83.19,276.1,69.7,588.5,6296.7,469.7,7.13,0
9.57,7137.5,1370.1,6767.6,389.6,6897.8,2366.6,28.2,519.1,19.4,5.48,44,0,3.6,106.2,20.5,58.15,60.69,63.35,71.46,66.13,2886.9,930.2,190.3,899.5,2417.8,9.13,0
10.57,1176.2,6234.8,8392.2,667.2,1144.9,574.4,21.6,272.1,14.7,9.96,57,0,2.5,146.8,32.5,75.69,73.12,84.11,85.61,86.22,278.3,154.4,43.2,3788.2,162.1,9.5,0
8.8,4771.6,9457.5,4132.0,513.7,755.0,232.6,23.9,6187.3,9.0,7.08,69,1,1.2,63.7,35.6,73.02,73.69,78.77,78.18,84.49,203.7,61.2,1313.7,6868.5,739.9,8.11,0
7.92,5737.7,5408.9,5102.7,1839.1,3085.5,1583.8,32.5,1904.6,15.7,3.63,25,1,3.1,57.1,44.1,36.69,41.24,42.41,51.2,47.8,1953.5,930.6,1096.8,3272.1,2995.3,6.93,0
9.65,1221.0,1766.4,5765.0,218.5,629.4,220.8,34.6,878.0,8.4,2.26,35,1,1.5,19.0,21.4,41.26,43.6,48.55,49.84,53.04,369.7,124.5,451.7,1017.9,573.4,9.4,0
10.94,6508.3,5905.9,13393.1,954.5,12959.3,4830.6,29.8,382.8,14.5,3.59,76,1,4.1,52.2,10.9,57.6,56.36,67.55,69.79,63.08,5494.4,2108.0,124.2,4170.2,2402.7,9.5,0
8.34,6485.3,2436.8,4332.0,964.7,300.0,79.6,32.0,1278.7,8.5,8.33,77,1,2.0,70.8,19.0,72.29,74.18,77.54,77.59,82.24,83.1,20.6,287.2,1419.6,1151.8,8.04,0
7.55,8473.8,8987.7,3578.2,1966.0,1729.1,755.6,33.1,518.0,12.1,3.66,49,1,2.1,44.2,23.3,50.16,51.33,59.68,59.88,62.06,861.7,367.7,208.9,6659.8,3214.9,7.66,0
8.72,2262.0,9435.4,5391.2,1938.3,2651.1,747.2,24.2,1257.5,8.0,8.95,62,0,4.9,71.8,9.7,77.24,77.57,81.29,89.29,82.74,603.4,167.6,235.3,6622.4,390.4,8.78,0
9.85,7044.5,3329.2,11573.1,300.1,999.6,298.3,33.1,236.3,11.6,6.76,72,0,4.1,78.5,5.6,71.94,69.74,75.29,77.29,79.78,280.4,90.3,58.4,2044.5,1424.4,8.89,0
9.66,7184.4,4740.5,12108.1,212.4,1643.4,884.5,31.7,1497.9,13.6,4.28,19,0,4.6,58.1,19.2,30.65,30.2,40.0,43.34,45.0,1139.8,617.4,898.7,2987.3,3951.4,9.26,0
8.82,6560.9,2655.6,9224.4,1431.0,9445.9,4752.6,33.4,2117.0,18.4,6.24,69,1,2.1,115.0,25.9,65.82,64.31,70.84,80.67,76.72,3228.7,1696.2,617.3,1760.4,1527.7,8.27,0
9.53,4671.4,830.5,4222.7,1699.3,2594.1,1340.4,21.2,233.6,13.9,6.1,47,1,2.9,84.7,43.7,62.92,63.76,72.83,68.56,70.47,961.8,485.7,63.5,645.6,1379.5,8.05,0
10.09,7138.2,8936.5,6543.6,1469.3,1962.1,512.1,26.6,2948.2,12.6,0.63,50,1,1.2,8.0,23.9,30.0,30.0,40.0,40.0,45.0,1373.5,358.5,1768.9,6904.6,3926.0,8.82,0
8.5,9420.5,7038.2,8914.4,257.1,1301.9,550.7,32.0,1381.0,15.2,1.21,32,1,3.5,18.3,45.6,30.0,33.29,40.0,44.77,45.0,911.3,367.4,828.6,5666.5,5181.3,8.01,0
9.23,8992.5,970.3,5664.9,1773.3,6630.8,2363.5,21.5,6197.9,16.3,0.61,35,1,2.3,9.9,36.5,30.0,33.72,40.0,40.0,45.0,4641.5,1566.6,3718.7,707.5,4945.9,9.01,0
8.24,1859.5,8126.4,12163.0,967.8,608.5,193.0,31.8,215.6,19.0,8.86,61,0,1.2,168.3,19.8,74.94,72.13,82.17,80.43,83.87,152.5,53.8,38.4,5014.5,299.9,7.37,0
9.26,8600.2,2838.3,7890.5,564.1,1655.4,782.2,34.7,1195.0,13.6,9.25,85,1,3.1,126.3,41.6,88.01,92.49,91.71,97.0,98.0,198.4,58.7,99.0,1728.0,172.0,8.59,0
9.5,6430.0,4411.4,14417.1,1700.6,6401.8,3433.9,23.2,5098.1,10.4,8.86,41,1,3.3,91.8,40.2,68.3,72.13,71.91,78.92,73.53,2029.7,957.1,1431.9,2850.6,1701.7,8.62,0
9.48,1214.8,729.0,13515.8,910.2,8358.5,3801.1,24.9,3048.1,13.5,5.31,41,0,2.4,71.6,48.5,59.92,64.59,63.86,66.48,69.86,3350.5,1345.8,1101.5,605.5,366.1,8.61,0
10.69,4067.1,1441.9,10415.8,1838.6,409.9,220.0,20.5,4359.2,18.6,8.88,83,0,4.9,165.3,16.6,92.0,92.15,95.0,97.0,98.0,32.8,17.3,218.0,854.3,81.3,9.5,0
8.85,962.8,4438.4,10241.9,537.9,9467.1,2951.8,22.2,523.6,12.8,7.44,69,0,2.7,95.5,26.0,79.64,80.49,84.79,87.08,84.86,1927.2,575.9,79.6,3656.6,145.7,8.16,0
7.88,1269.6,5445.8,7891.0,1646.9,337.7,176.7,24.4,3207.2,15.7,6.06,86,0,1.7,94.9,29.1,83.07,80.54,91.97,90.77,88.63,57.2,34.4,257.6,3970.4,144.3,7.87,0
9.06,5237.5,8617.9,5374.6,1171.0,390.8,160.0,20.9,602.1,15.5,8.72,67,0,2.1,135.0,36.3,77.74,80.12,87.5,83.83,86.72,87.0,31.8,75.2,7202.1,695.3,8.89,0
8.82,8787.6,5391.8,9768.9,1274.4,1240.9,480.3,32.2,1682.5,11.8,1.62,30,0,2.9,19.1,44.1,32.18,36.5,40.0,43.36,45.0,841.6,305.0,1009.5,4163.8,4833.2,8.27,0
10.17,2569.6,5588.0,10949.2,473.7,3063.8,1151.4,25.3,274.5,15.2,6.08,24,0,1.3,92.7,35.3,49.33,49.58,57.78,60.16,58.12,1552.6,580.5,115.9,3472.2,1076.1,9.26,0
9.67,6586.2,3666.9,10450.6,774.0,372.9,198.2,34.4,967.1,15.6,8.42,80,0,3.5,131.6,43.1,79.22,78.96,89.01,88.15,88.04,77.5,41.7,106.2,2245.2,787.6,8.82,0
9.89,7383.9,3607.0,10359.5,785.4,4722.0,1837.8,32.1,877.5,13.9,7.37,27,1,1.5,102.5,15.8,46.52,51.2,50.84,54.32,54.55,2525.5,896.8,431.4,2218.9,3356.3,8.53,0
10.28,2408.4,1585.0,10791.9,1763.1,11886.2,5504.6,34.5,3727.6,14.4,8.62,77,1,3.6,123.7,42.8,81.95,83.49,87.36,95.71,90.86,2145.6,909.0,471.1,1179.7,220.1,9.11,0
10.55,4425.1,9453.8,14116.6,1391.0,1277.1,670.4,24.5,457.8,19.9,3.16,51,0,1.7,62.9,32.6,53.41,54.16,57.71,60.93,65.14,595.0,307.3,193.6,5512.5,1542.4,9.5,0
10.16,2233.8,7242.3,11068.3,489.2,1095.7,346.1,34.9,499.7,9.4,9.8,67,1,4.4,92.4,13.9,82.91,84.77,91.55,92.82,94.18,187.2,52.7,42.2,4983.1,130.0,9.2,0
10.03,6277.7,7600.9,13580.3,1189.8,1109.4,604.3,32.4,3094.8,17.1,2.69,71,1,4.0,46.0,48.0,57.56,58.41,63.63,70.2,62.92,470.8,251.4,1125.6,6187.9,2327.9,8.65,0
7.52,6296.0,8312.5,13913.5,1502.2,3745.9,1157.5,29.6,1999.1,15.7,7.46,65,0,3.5,117.1,12.1,73.99,75.11,77.86,81.65,80.52,974.1,288.1,442.6,5711.5,1226.7,7.2,0
9.18,4513.7,1917.1,3672.2,1054.0,734.6,227.2,30.0,210.9,17.6,7.53,61,0,4.2,132.2,15.3,83.67,85.46,89.66,92.44,94.81,119.9,33.0,21.8,1230.6,234.2,8.57,0
8.37,6622.1,7083.5,10005.3,1552.1,4098.6,1726.6,34.0,3049.7,10.5,8.93,88,0,1.4,93.8,45.4,84.93,82.93,93.35,93.95,94.2,617.5,294.7,202.8,5801.5,383.9,7.24,0
8.89,7360.6,5056.4,4270.9,1782.8,17825.0,8164.1,25.5,1928.5,12.6,7.24,81,1,3.5,91.6,25.3,67.9,70.72,74.69,82.64,74.02,5722.2,2390.8,488.1,3854.3,1912.4,8.29,0
9.3,2861.2,8507.5,6797.9,1674.4,1175.4,573.6,30.7,232.7,15.6,9.32,84,1,1.4,145.8,38.4,77.77,82.63,86.63,85.96,83.07,261.2,99.6,31.1,4838.9,484.3,8.29,0
8.27,3607.1,1049.9,14762.4,1292.2,968.3,400.4,25.5,708.9,13.7,9.54,88,1,3.8,130.4,41.2,86.06,84.98,89.74,97.0,92.32,134.9,60.1,72.7,685.2,277.0,8.22,0
9.76,780.6,7582.1,5712.3,1666.9,12275.3,3997.5,20.4,263.8,9.5,6.56,47,1,1.7,62.0,15.9,56.28,56.59,66.12,65.84,64.8,5367.3,1735.5,89.4,4735.5,274.8,8.31,0
9.73,2643.6,4883.6,13362.6,1646.4,3937.7,1792.3,33.7,782.3,11.4,7.43,67,0,2.7,84.7,10.0,70.74,74.12,77.09,83.71,77.04,1152.1,463.8,179.2,3300.0,607.0,9.25,0
10.48,5708.1,2063.9,11366.5,1836.5,326.8,179.3,28.1,1077.9,16.3,1.36,41,0,2.6,22.2,24.8,30.0,30.47,40.0,40.45,45.0,228.8,124.7,646.7,1488.4,3139.4,9.17,0
7.66,1290.8,1449.3,9083.0,1872.5,333.9,182.0,31.4,417.3,17.0,1.37,61,0,1.0,23.2,8.4,40.69,40.79,47.23,54.91,49.5,198.0,107.8,220.2,1130.1,651.9,7.52,0
10.96,4089.4,4073.1,8212.8,1071.2,1803.5,549.2,26.6,253.8,19.9,5.29,50,1,3.4,105.3,12.2,58.59,55.99,65.73,70.88,65.45,746.8,241.7,87.0,2302.5,1412.9,9.11,0
10.43,5836.5,4537.5,3016.2,1734.6,18561.0,6228.4,27.8,4210.6,15.3,4.26,39,0,3.8,65.2,22.8,50.92,53.19,54.72,63.16,61.34,9109.2,2915.7,1906.5,3210.5,2256.3,9.5,0
10.5,9261.4,9109.5,3877.0,613.7,1057.8,498.8,27.5,6106.9,10.5,6.1,70,0,3.0,64.2,34.9,66.41,70.18,72.85,74.0,73.17,355.3,148.7,1658.3,5424.2,2484.7,9.5,0
8.09,2003.4,9291.2,11072.4,733.4,697.6,225.5,30.5,229.6,8.5,4.47,67,1,1.8,37.8,36.0,67.17,67.59,77.02,80.37,74.52,229.0,73.1,52.8,6303.4,510.5,7.47,0
7.65,7518.7,2343.9,13710.7,1504.3,726.9,246.7,22.5,1812.8,18.6,4.71,65,0,4.2,87.7,22.5,69.71,68.07,79.63,77.63,80.36,220.2,78.8,369.4,1677.8,1476.9,6.47,0
10.2,3859.8,3925.6,5733.0,655.9,1190.0,433.9,32.8,2074.7,11.8,4.64,84,0,4.7,55.0,31.6,63.83,65.56,71.55,77.39,74.21,430.4,149.4,590.1,2425.2,995.5,9.5,0
7.64,6861.0,3923.6,13457.0,1222.4,941.3,480.2,21.1,1822.6,11.2,6.73,17,0,2.9,75.1,30.8,42.32,42.2,47.89,48.81,50.97,543.0,277.5,949.8,2670.4,3363.6,7.64,0
10.0,3653.8,3159.5,13758.3,683.6,631.8,176.3,26.0,1932.6,17.3,7.04,70,1,2.8,121.7,40.9,74.44,79.04,81.27,79.92,83.76,161.5,36.9,362.0,2195.6,593.4,9.02,0
7.99,2552.7,7015.8,8310.5,616.7,11656.6,5834.1,33.8,523.0,18.7,9.6,63,0,1.6,179.8,20.0,76.67,77.33,83.83,90.99,81.96,2719.8,1322.5,84.6,5920.7,460.4,7.96,0
9.77,6616.8,5075.2,3697.1,1164.7,1261.6,405.0,30.0,492.0,8.2,4.51,72,0,4.3,36.8,36.2,55.87,59.86,64.98,63.79,63.99,556.8,162.5,172.3,3124.1,2383.0,9.4,0
10.09,1412.8,3284.4,8507.3,678.7,1776.9,688.6,25.4,4560.2,9.0,4.19,65,0,4.6,37.5,14.4,70.36,72.79,74.88,80.05,77.77,526.7,187.3,1145.4,2463.4,314.0,9.28,0
9.98,1519.1,5360.1,8448.0,1299.0,381.7,193.9,26.9,5669.2,17.5,0.88,24,0,4.0,15.4,49.5,30.0,32.91,40.0,40.0,45.0,267.2,130.1,3401.5,3537.1,835.5,9.46,0
9.51,763.2,7570.9,3746.4,1027.3,657.9,209.0,32.2,554.6,17.7,2.01,45,1,3.5,35.6,38.0,38.33,41.15,42.07,50.3,45.0,405.8,123.0,321.3,4619.4,419.8,9.03,0
10.33,5302.4,6053.6,3108.6,755.2,689.0,239.0,25.5,477.5,17.6,5.28,61,1,3.2,92.7,36.2,57.33,56.69,60.33,63.47,65.53,294.0,103.5,189.4,4642.6,1827.7,8.75,0
10.1,2973.3,4874.0,9031.6,1249.9,862.6,287.9,27.0,2403.3,13.6,9.04,55,0,1.9,123.1,31.5,77.6,78.05,86.36,86.07,85.22,193.2,63.2,327.9,3253.9,439.5,8.66,0
8.7,7647.4,4925.0,11506.3,871.4,855.1,229.7,23.7,242.9,19.3,8.8,89,1,1.7,169.8,30.8,80.17,83.99,85.47,94.77,89.66,169.5,36.8,35.3,3262.1,790.9,7.55,0
10.65,2949.3,5110.0,9630.0,1798.6,2509.5,884.6,34.5,783.4,17.7,3.68,41,1,1.1,65.3,14.4,47.45,46.83,56.65,55.71,56.72,1318.8,470.3,339.6,4125.5,1276.4,9.33,0
8.38,8311.3,3199.3,10587.4,598.2,2625.3,1220.2,25.9,343.6,9.1,7.02,77,1,3.1,64.2,9.4,78.85,79.71,84.0,84.04,86.64,555.4,247.5,55.0,1897.1,1110.3,7.38,0
9.67,5831.2,7239.4,12684.9,1695.7,20729.6,8281.5,32.5,5985.9,10.4,8.37,67,1,4.9,86.7,8.7,83.99,84.75,93.29,90.99,95.0,3319.5,1262.8,401.5,5613.4,291.6,8.84,0
10.75,3421.3,1760.2,11413.7,1795.1,8091.0,3704.7,23.1,2003.3,9.3,3.7,82,1,2.8,34.3,11.7,68.36,70.29,74.0,81.19,78.37,2559.6,1100.6,521.0,1079.6,739.9,9.49,0
